Instituição,Título,Data de Lançamento,Prazo,Link,Documentos,Documentos Relacionados
FINEP,5ª Chamada Pública Conjunta - Finep e Conselho Norueguês de Pesquisa (RCN),05/08/2026,16/12/2026,https://www.finep.gov.br/e/chamada-publica/222684/1019381,1,
CNPq,Chamada Pública CNPq/ERC Nº 21/2026,04/08/2026,30/09/2026,https://www.gov.br/cnpq/pt-br/chamadas/todas-as-chamadas/chamadas-2026/chamada-no-21-2026/chamada-publica-cnpq-N-21-2026,2,Chamada Pública CNPq/ERC (Conselho Europeu de Pesquisa) Nº 21/2026 | https://www.gov.br/cnpq/pt-br/chamadas/todas-as-chamadas/chamadas-2026/chamada-no-21-2026/chamada-publica-cnpq-N-21-2026
CNPq,"Chamada CNPq/CT-Biotec/FNDCT/MCTI Nº 24/2026 - Apoio à Pesquisa, Desenvolvimento e Inovação em Biotecnologia",03/08/2026,18/09/2026,https://www.gov.br/cnpq/pt-br/chamadas/todas-as-chamadas/chamadas-2026/chamada-no-24-2026/chamada-publica-cnpq-N-24-2026,1,
FAPESB,DIRETRIZES ESPECÍFICAS DA FAPESB – 1ª CHAMADA DA PARCERIA DE MATÉRIAS- PRIMAS PARA A TRANSIÇÃO VERDE E DIGITAL (RAMP) 2026-2027,20/07/2026,15/02/2027,https://www.fapesb.ba.gov.br/diretrizes-especificas-da-fapesb-1a-chamada-da-parceria-de-materias-primas-para-a-transicao-verde-e-digital-ramp-2026-2027/,1,
FAPESB,CHAMADA CDTI ESPANHA (2026-2027) – DIRETRIZES ESPECÍFICAS DA FAPESB,15/07/2026,08/10/2026,https://www.fapesb.ba.gov.br/chamada-cdti-espanha-2026-2027-diretrizes-especificas-da-fapesb/,1,
FAPESB,CHAMADA 2026- PROGRAMA DE AUXILIO PARA DOUTORANDOS COM BOLSA NACIONAL – DAAD,13/07/2026,03/09/2026,https://www.fapesb.ba.gov.br/chamada-2026-programa-de-auxilio-para-doutorandos-com-bolsa-nacional-daad/,1,
FAPESB,CHAMADA GCUB – MOB Nº 2026/2027 – PROGRAMA DE MOBILIDADE INTERNACIONAL DO GCUB (GCUB-MOB),13/07/2026,,https://www.fapesb.ba.gov.br/chamada-gcub-mob-no-20262027-programa-de-mobilidade-internacional-do-gcub-gcub-mob/,1,
CNPq,Chamada CNPq/MCTI nº 25/2026 - Endometriose e Saúde Menstrual,10/07/2026,,https://www.gov.br/cnpq/pt-br/chamadas/todas-as-chamadas/chamadas-2026/chamada-no-25-2026/chamada-publica-cnpq-N-25-2026,1,
FAPESB,"EDITAL DE SELEÇÃO PÚBLICA Nº 017/ 2026 Subvenção Econômica à Pesquisa,Desenvolvimento e Inovação (P,D&I) Soluções de Sistemas Inteligentes para a Administração Estadual – Rodada 2",03/07/2026,,https://www.fapesb.ba.gov.br/edital-de-selecao-publica-no-017-2026-subvencao-economica-a-pesquisadesenvolvimento-e-inovacao-pdi-solucoes-de-sistemas-inteligentes-para-a-administracao-estadual-rodada-2/,1,
FAPESB,"EDITAL FAPESB No 018/2026 – APOIO À PUBLICAÇÃO CIENTÍFICA, TECNOLÓGICA OU DE POPULARIZAÇÃO DAS CIÊNCIAS",03/07/2026,,https://www.fapesb.ba.gov.br/edital-fapesb-no-0182026-apoio-a-publicacao-cientifica-tecnologica-ou-de-popularizacao-das-ciencias/,1,
FAPESB,EDITAL FAPESB/SECTI – Nº 010/2026 – UNIVERSAL,03/07/2026,03/09/2026,https://www.fapesb.ba.gov.br/edital-fapesbsecti-no-0102026-universal/,1,
FAPESB,EDITAL FAPESB/SECTI/CNPq/CAPES – No 11/2026 – PROFIX-CB,03/07/2026,17/08/2026,https://www.fapesb.ba.gov.br/edital-fapesbsecticnpqcapes-no-112026-profix-cb/,1,
FAPESB,EDITAL Nº 019/2026 – CIÊNCIA NA MESA 5: BASE DE DADOS E SISTEMAS DE INFORMAÇÕES PARA TOMADA DE DECISÃO EM SOBERANIA ALIMENTAR E NUTRICIONAL,03/07/2026,,https://www.fapesb.ba.gov.br/edital-no-0192026-ciencia-na-mesa-5-base-de-dados-e-sistemas-de-informacoes-para-tomada-de-decisao-em-soberania-alimentar-e-nutricional/,1,
CNPq,Chamamento Público CNPq/FNDCT/MCTI Nº 01/2026 Para Participação no Programa de Apoio à Popularização da Ciência nas Unidades da Federação,02/07/2026,,https://www.gov.br/cnpq/pt-br/chamadas/todas-as-chamadas/chamadas-2026/chamamento-no-01-2026/chamamento-publico-01-2026,1,
CNPq,Chamada Pública CNPq/MMULHERES Nº 19/2026 - Programa Asas para o Futuro,30/06/2026,10/08/2026,https://www.gov.br/cnpq/pt-br/chamadas/todas-as-chamadas/chamadas-2026/chamada-no-19-2026/chamada-publica-cnpq-N-19-2026,1,
CNPq,Chamada Pública MCTI/CNPq/MIR/MMulheres/MPI Nº 20/2026 Atlânticas - Programa Beatriz Nascimento de Mulheres na Ciência,30/06/2026,,https://www.gov.br/cnpq/pt-br/chamadas/todas-as-chamadas/chamadas-2026/chamada-no-20-2026/chamada-publica-cnpq-N-20-2026,1,
FINEP,BRICs - CHAMADA PÚBLICA Cooperação Multilateral em Inovação,30/06/2026,14/08/2026,https://www.finep.gov.br/e/chamada-publica/222684/991625,1,
CNPq,Chamada Pública CNPq/CAPES/MRE N° 16/2026 - Programa de Estudantes-Convênio de Pós-Graduação (PEC-PG),29/06/2026,13/08/2026,https://www.gov.br/cnpq/pt-br/chamadas/todas-as-chamadas/chamadas-2026/chamada-no-16-2026/chamada-publica-cnpq-N-16-2026,1,
FINEP,FIP Conexões Startups – 2026,24/06/2026,12/08/2026,https://www.finep.gov.br/e/chamada-publica/222684/986129,1,
CNPq,Chamada CNPq/MinC nº 17/2026 - Apoio ao funcionamento de incubadoras voltadas à Economia Criativa,19/06/2026,10/08/2026,https://www.gov.br/cnpq/pt-br/chamadas/todas-as-chamadas/chamadas-2026/chamada-no-17-2026/chamada-publica-cnpq-N-17-2026,1,
FINEP,Subvenção Descentralizada Seleção de Parceiros em Fluxo Contínuo - Pró Amazônia Empreende,18/06/2026,01/12/2026,https://www.finep.gov.br/e/chamada-publica/222684/972778,1,
CNPq,Chamada CNPq/FNDCT nº 06/2026 – UNIVERSAL,17/06/2026,03/08/2026,https://www.gov.br/cnpq/pt-br/chamadas/todas-as-chamadas/chamadas-2026/chamada-no-06-2026/chamada-publica-cnpq-N-06-2026,1,
FINEP,DESAFIO TECNOLÓGICO ELETROLISADOR NACIONAL,16/06/2026,21/09/2026,https://www.finep.gov.br/e/chamada-publica/222684/968467,1,
FINEP,CARTA CONVITE MCTI/FINEP - PROGRAMA TECNOVA 2026/2027,12/06/2026,03/08/2026,https://www.finep.gov.br/e/chamada-publica/222684/958302,1,
FAPESB,DIRETRIZES ESPECÍFICAS DA FAPESB – CHAMADA MOBILITY CONFAP ITALY 2026,10/06/2026,,https://www.fapesb.ba.gov.br/diretrizes-especificas-da-fapesb-chamada-mobility-confap-italy-2026/,1,
FAPESB,Edital 009/2026 – Apoio a Organização de Eventos,09/06/2026,,https://www.fapesb.ba.gov.br/edital-0092026-apoio-a-organizacao-de-eventos/,1,
FINEP,MANUTENÇÃO UNIDADES DE PESQUISA MCTI – PROINFRA 2026,29/05/2026,07/07/2026,https://www.finep.gov.br/e/chamada-publica/222684/945796,1,
CNPq,Chamada Pública CNPq N° 07/2026 - Programa Institucional de Bolsas de Pós-Graduação (PIBPG),28/05/2026,05/08/2026,https://www.gov.br/cnpq/pt-br/chamadas/todas-as-chamadas/chamadas-2026/chamada-no-07-2026/chamada-publica-cnpq-N-07-2026,1,
FINEP,CARTA CONVITE MCTI/FINEP/FNDCT - PROMOÇÃO DA AUTONOMIA TECNOLÓGICA NA ÁREA DA DEFESA,26/05/2026,18/09/2026,https://www.finep.gov.br/e/chamada-publica/222684/943682,1,
CAPES,"Edital nº 10/2026 - Programas CAPES/MATH/STIC/CLIMAT-AMSUD, formato - pdf, 283kb",15/04/2026,,https://www.gov.br/capes/pt-br/centrais-de-conteudo/editais/copy2_of_15042026_Edital_2803264_SEI_2802205_Edital_10_2026.pdf,3,"Alteração Edital nº 10/2026 - Programas CAPES/MATH/STIC/CLIMAT-AMSUD, formato - pdf, 53,1kb | https://www.gov.br/capes/pt-br/centrais-de-conteudo/editais/25052026_Edital_2826286_SEI_2825187_Edital_10_2026___alteracao.pdf ; Alteração do Edital  nº 10/2026 - Programas CAPES/MATH/STIC/CLIMAT-AMSUD, formato - pdf, 53,1kb | https://www.gov.br/capes/pt-br/centrais-de-conteudo/editais/25052026_Edital_2826286_SEI_2825187_Edital_10_2026___alteracao.pdf"
CAPES,"Edital nº 12/2026 - Programa CAPES/MES-CUBA - Projetos , formato, pdf, 222kb",23/04/2026,,https://www.gov.br/capes/pt-br/centrais-de-conteudo/editais/23042026_Edital_2806973_SEI_2806062_Edital_12_2026.pdf,3,"Lista de inscritos do Edital nº 12/2026 - Programa CAPES/MES-CUBA - Projetos, formato, pdf, 148kb | https://www.gov.br/capes/pt-br/centrais-de-conteudo/editais/lista_listagem_2857109_lista_de_inscritos_projetos.pdf/@@display-file/file ; Alteração Edital nº 12/2026 - Programa CAPES/MES-CUBA - Projetos , formato, pdf, 53,1kb | https://www.gov.br/capes/pt-br/centrais-de-conteudo/editais/25052026_Edital_2826296_SEI_2825183_Edital_12_2026___ALTERACAO.pdf"
CAPES,"Edital nº 13/2026 - Programa CAPES/MES-CUBA - Docentes , formato, pdf, 123kb",23/04/2026,,https://www.gov.br/capes/pt-br/centrais-de-conteudo/editais/23042026_Edital_2806981_SEI_2806195_Edital_13_2026.pdf,3,"Edital nº 13/2026 - Lista de Inscritos, formarto, pdf, 130kb | https://www.gov.br/capes/pt-br/centrais-de-conteudo/editais/lista_listagem_2854147_lista_de_inscritos_docentes.pdf/@@display-file/file ; Alteração Edital nº 13/2026 - Programa CAPES/MES-CUBA - Docentes , formato, pdf, 123kb | https://www.gov.br/capes/pt-br/centrais-de-conteudo/editais/25052026_Edital_2826299_SEI_2825184_Edital_13_2026___ALTERACAO.pdf"
CNPq,Chamada Pública CNPq/MCTI nº 15/2026 - Programa de Cooperação Afro-Brasileira em Ciência e Tecnologia - PROAFRICA,25/05/2026,31/08/2026,https://www.gov.br/cnpq/pt-br/chamadas/todas-as-chamadas/chamadas-2026/chamada-no-15-2026/chamada-publica-cnpq-N-15-2026,1,
CAPES,"Edital Conjunto nº 4/2026, formato, pdf, 310kb",19/05/2026,,https://www.gov.br/capes/pt-br/centrais-de-conteudo/editais/19052026_Edital_2823166_EDITAL_CONJUNTO_4_2026___CAPES_CFN.pdf,2,"Prorrogação - Edital Conjunto nº 4/2026, formato, pdf, 52,5kb | https://www.gov.br/capes/pt-br/centrais-de-conteudo/documentos/edital_2863852_sei_2863595_edital_conjunto_n__4_2026___prorrogacao.pdf/@@display-file/file"
CAPES,"Edital CAPES Nº 18/2026 - Programa Cátedra Maison Du Brésil - pdf, 122kb",15/05/2026,,https://www.gov.br/capes/pt-br/centrais-de-conteudo/editais/15052026_Edital_2821031_SEI_2819915_Edital_18_2026.pdf,3,"Alteração Edital CAPES Nº 18/2026 - Programa Cátedra Maison Du Brésil - pdf, 56,1kb | https://www.gov.br/capes/pt-br/centrais-de-conteudo/editais/Edital_2837190_SEI_2835880_Edital_18__2026___Alteracao.pdf ; Lista de inscritos Edital CAPES Nº 18/2026 - Programa Cátedra Maison Du Brésil - pdf, 116kb | https://www.gov.br/capes/pt-br/centrais-de-conteudo/editais/lista_listagem_2853883_lista_de_inscritos.pdf/@@display-file/file"
CAPES,Edital nº 17/2026 - seleção de projetos conjuntos de pesquisa por chamada no âmbito do Programa CAPES - AUGM,13/05/2026,,https://www.gov.br/capes/pt-br/centrais-de-conteudo/editais/copy_of_13052026_Edital_2819298_SEI_2819065_Edital_17_2026.pdf,3,"Edital nº 17/2026 - Relação das Inscrições Recebidas, formato, pdf, 178kb | https://www.gov.br/capes/pt-br/centrais-de-conteudo/editais/edital_2865911_lista_de_inscritos.pdf/@@display-file/file ; Edital nº 17/2026 - Prorrogação, formato, pdf, 52,5kb | https://www.gov.br/capes/pt-br/centrais-de-conteudo/editais/edital_2850525_sei_2848632_edital_n__17_2026.pdf/@@display-file/file"
CAPES,"Edital nº 26/2025 - Política de Novação para Bolsistas e Ex-Bolsistas no Exterior, formato - pdf, 96kb",22/12/2025,,https://www.gov.br/capes/pt-br/centrais-de-conteudo/editais/22122025_Edital_2740775.pdf,2,"Alteração do edital nº 26/2025 - Política de Novação para Bolsistas e Ex-Bolsistas no Exterior, formato - pdf, 60,5kb | https://www.gov.br/capes/pt-br/centrais-de-conteudo/editais/11052026_Edital_2817202_SEI_2816655_Edital_n__26_2025___Alteracao.pdf"
FAPESB,CHAMADA CONFAP/ERC 2026 – CALL RESEARCH OPPORTUNITIES IN EUROPE FOR ACTIVE PHD RESEARCHERS FROM BRAZIL,07/05/2026,10/07/2026,https://www.fapesb.ba.gov.br/chamada-confaperc-2026-call-research-opportunities-in-europe-for-active-phd-researchers-from-brazil/,1,
CAPES,"Edital nº 15/2026 - Programa de Desenvolvimento Profissional para Professores de Língua Inglesa nos EUA - PDPI - pdf, 134kb",30/04/2026,,https://www.gov.br/capes/pt-br/centrais-de-conteudo/editais/30042026_Edital_2811434_SEI_2811079_Edital_15_2026.pdf,1,
CAPES,"Edital conjunto ProEB e Programa Caminhos Amefricanos: Programa de Intercâmbios Sul-Sul -  Edição Moçambique nº 3/2026 - formato, pdf, 128kb",28/04/2026,,https://www.gov.br/capes/pt-br/centrais-de-conteudo/editais/28042026_Edital_2809885_SEI_2804920_Edital_Conjunto_3_2026.pdf,4,"Alteração - Edital Conjunto nº 3/2026 - ProEB e Programa Caminhos Amefricanos: Programa de Intercâmbios Sul-Sul - Edição Moçambique | https://www.gov.br/capes/pt-br/centrais-de-conteudo/editais/Edital_2827276_SEI_2826404_Edital_Conjunto_n__3_2026.pdf ; Retificação - Edital Conjunto nº 3/2026 - ProEB e Programa Caminhos Amefricanos: Programa de Intercâmbios Sul-Sul - Edição Moçambique | https://www.gov.br/capes/pt-br/centrais-de-conteudo/editais/Edital_2824561_Edital_Conjunto_n__03.2026.pdf ; Alteração - Edital conjunto ProEB e Programa Caminhos Amefricanos: Programa de Intercâmbios Sul-Sul -  Edição Moçambique nº 3/2026 - formato, pdf, 64,1kb | https://www.gov.br/capes/pt-br/centrais-de-conteudo/editais/edital_2858440_sei_2857414_edital_conjunto_n__3_2026___alteracao.pdf/@@display-file/file"
CNPq,Chamada CNPq/SETEC/MCTI N° 13/2026 - Apoio a Eventos de Promoção do Empreendedorismo e da Inovação no Brasil,28/04/2026,,https://www.gov.br/cnpq/pt-br/chamadas/todas-as-chamadas/chamadas-2026/chamada-no-13-2026/chamada-publica-cnpq-N-13-2026,1,
CAPES,"Edital nº 11/2026 - Programa Cátedra Jorge Amado, formato, pdf, 196kb",23/04/2026,,https://www.gov.br/capes/pt-br/centrais-de-conteudo/editais/23042026_Edital_2806958_SEI_2806040_Edital_11_2026.pdf,1,
CAPES,"Edital nº 5/2026 - Programa CAPES - PURDUE deProjetos conjuntos de pesquisa, formato, pdf, 257kb",09/03/2026,,https://www.gov.br/capes/pt-br/centrais-de-conteudo/editais/09032026_Edital_2780596_SEI_2779319_Edital_5__de_2026.pdf,5,"Lista de inscritos do Edital nº 5/2026 - Programa CAPES - PURDUE de Projetos conjuntos de pesquisa, formato, pdf, 144kb | https://www.gov.br/capes/pt-br/centrais-de-conteudo/editais/Lista_Listagem_2841625_Lista_de_inscritos.pdf/@@display-file/file ; Alteração do Edital nº 5/2026 - Programa CAPES - PURDUE de Projetos conjuntos de pesquisa, formato, pdf, 51kb | https://www.gov.br/capes/pt-br/centrais-de-conteudo/editais/15042026_Edital_2803256_SEI_2801466_Edital_5__de_2026.pdf/@@display-file/file ; Edital nº 5/2026 - Programa CAPES - PURDUE de Projetos conjuntos de pesquisa, formato, pdf, 257kb | https://www.gov.br/capes/pt-br/centrais-de-conteudo/editais/09032026_Edital_2780596_SEI_2779319_Edital_5__de_2026.pdf/@@display-file/file ; Alteração do Edital nº 5/2026 - Programa CAPES - PURDUE deProjetos conjuntos de pesquisa,formato, pdf, 51kb | https://www.gov.br/capes/pt-br/centrais-de-conteudo/editais/15042026_Edital_2803256_SEI_2801466_Edital_5__de_2026.pdf"
CAPES,"Edital CAPES/DAAD Probral nº 08/2026, formato - pdf, 214kb",01/04/2026,,https://www.gov.br/capes/pt-br/centrais-de-conteudo/editais/01042026_Edital_2795382_SEI_2794361_Edital_8__de_2026.pdf,3,"Lista de Inscritos - Edital nº 08/2026, formato - pdf, 199 kb | https://www.gov.br/capes/pt-br/centrais-de-conteudo/editais/lista_listagem_2841542_lista_de_inscritos.pdf/@@display-file/file ; Alteração do Edital CAPES/DAAD Probral nº 08/2026, formato - pdf, 48kb | https://www.gov.br/capes/pt-br/centrais-de-conteudo/editais/13042026_Edital_2801456_SEI_2800616_Edital_8_2026.pdf"
FINEP,FIP Startup Inteligência Artificial,09/04/2026,28/05/2026,https://www.finep.gov.br/e/chamada-publica/222684/756012,1,
CAPES,"Edital n° 14/2022 - formato, pdf, 380kb",,,https://www.gov.br/capes/pt-br/centrais-de-conteudo/resultados-dos-editais/08062022_Lista_Listagem_1727316_Humboldt.pdf/@@display-file/file,11,"Lista de Inscritos no Edital nº 14/2022 do Programa de Bolsas para Pesquisa CAPES/Humboldt - 26° chamada | https://www.gov.br/capes/pt-br/centrais-de-conteudo/editais/Lista_de_inscritos_26_chamada.pdf/@@display-file/file ; Lista de inscritos - Chamada nª 23 do Edital n° 14/2022 - formato, pdf, 396kb | https://www.gov.br/capes/pt-br/centrais-de-conteudo/resultados-dos-editais/18122024_SEI_CAPES___2508050___Edital_Minuta_ok.pdf/@@display-file/file ; Lista de inscritos - Chamada nº 22 do Edital n° 14/2022 - formato, pdf, 99kb | https://www.gov.br/capes/pt-br/centrais-de-conteudo/resultados-dos-editais/17062024_Lista_Listagem_2395643_Lista_de_inscritos.pdf/@@display-file/file ; Lista de inscritos - Chamada nº 21 do Edital n° 14/2022 - formato, pdf, 151kb | https://www.gov.br/capes/pt-br/centrais-de-conteudo/resultados-dos-editais/22122023_Lista_Listagem_2297511_Lista_de_inscritos_21_.pdf/@@display-file/file ; Lista de inscritos - Chamada nª 20 do Edital 14/2022, formato , pdf, 391kb | https://www.gov.br/capes/pt-br/centrais-de-conteudo/resultados-dos-editais/Lista_Listagem_2001777_Lista_de_inscritos_final_2.pdf/@@display-file/file ; Relação final das inscrições recebidas - Chamada nº 19 do Edital n° 14/2022 - formato, pdf, 380kb | https://www.gov.br/capes/pt-br/centrais-de-conteudo/resultados-dos-editais/13122022_Lista_Listagem_1874367_Lista_Inscritos_Humboldt__1_.pdf/@@display-file/file ; Relação das inscrições recebidas do Editaln°14/2022 - formato, pdf, 372kb | https://www.gov.br/capes/pt-br/centrais-de-conteudo/resultados-dos-editais/20092022_Lista_Listagem_1805835_Lista_Final_Humboldt_pdf_para_word_edital_14_22.pdf/@@display-file/file ; Lista de Inscritos - Chamada nº 24 do Edital nº 14/2022 - formato, pdf, 150kb | https://www.gov.br/capes/pt-br/centrais-de-conteudo/resultados-dos-editais/17062025_Lista_Listagem_2616980_Lista_de_inscritos_24_chamada.pdf ; Lista de Inscritos - Chamada nº 25 do Edital nº 14/2022 - formato, pdf, 241kb | https://www.gov.br/capes/pt-br/centrais-de-conteudo/resultados-dos-editais/17122025_Lista_Listagem_2735806_SEI___23038.004870_2021_69_25__chamada.pdf ; Alteração do Edital n° 14/2022 - formato, pdf, 49kb | https://www.gov.br/capes/pt-br/centrais-de-conteudo/editais/06042026_Edital_2797322_SEI_2796265_Edital_14__de_2022.pdf"
CAPES,"Edital Conjunto nº 01/2026 - Programa Caminhos Amefricanos: Programa de Intercâmbios Sul-Sul -  EdiçõesPanamá, Angola e México, formato pdf, 151kb",09/01/2026,,https://www.gov.br/capes/pt-br/centrais-de-conteudo/editais/09012026_Edital_2748950_SEI_2748603_Edital_Conjunto_n__1_2026.pdf,13,"Prorrogação Edital Conjunto nº 1/2026 - Programa Caminhos Amefricanos: Programa de Intercâmbios Sul-Sul -  Edições Panamá, Angola e México, formato pdf, 65,6kb | https://www.gov.br/capes/pt-br/centrais-de-conteudo/editais/edital_2855428_sei_2855023_edital_conjunto_n__1_2026___prorrogacao.pdf/@@display-file/file ; Lista de inscritos Edital Conjunto nº 01/2026 - Programa Caminhos Amefricanos: Programa de Intercâmbios Sul-Sul -  Edições Angola e México, formato pdf, 435kb | https://www.gov.br/capes/pt-br/centrais-de-conteudo/resultados-dos-editais/01042026_Lista_Listagem_2788855_Lista_de_inscritos_Angola_e_Mexico.pdf/@@display-file/file ; Lista de inscritos Edital Conjunto nº 01/2026 - Programa Caminhos Amefricanos: Programa de Intercâmbios Sul-Sul -  Edições Panamá, Angola e México, formato pdf, 421kb | https://www.gov.br/capes/pt-br/centrais-de-conteudo/resultados-dos-editais/12032026_Lista_Listagem_2780399_Lista_de_Inscritos_Panama.pdf/@@display-file/file ; Edital Conjunto nº 01/2026 - Programa Caminhos Amefricanos: Programa de Intercâmbios Sul-Sul -  Edições Panamá, Angola e México - Retificação do Cumprimento de decisão judicial, formato pdf, 52kb | https://www.gov.br/capes/pt-br/centrais-de-conteudo/editais/13022026_Edital_2768872_SEI_2768349_Edital_Conjunto_n__1_2026____Retificacao_de_Decisao_Judicial.pdf/@@display-file/file ; Edital Conjunto nº 01/2026 - Programa Caminhos Amefricanos: Programa de Intercâmbios Sul-Sul -  Edições Panamá, Angola e México - Cumprimento de decisão judicial, formato pdf, 51kb | https://www.gov.br/capes/pt-br/centrais-de-conteudo/editais/11022026_Edital_2766993_SEI_2766572_Edital_Conjunto_1_2026_.pdf/@@display-file/file ; Alteração do edital Conjunto nº 01/2026 - Programa Caminhos Amefricanos: Programa de Intercâmbios Sul-Sul -  Edições Panamá, Angola e México, formato pdf, 81kb | https://www.gov.br/capes/pt-br/centrais-de-conteudo/editais/03022026_Edital_2762271_SEI_2757276_Edital_Conjunto_n__1_2026_CAPES_MIR_____1_.pdf/@@display-file/file ; Edital Conjunto nº 01/2026 - Programa Caminhos Amefricanos: Programa de Intercâmbios Sul-Sul -  Edições Panamá, Angola e México, formato pdf, 151kb | https://www.gov.br/capes/pt-br/centrais-de-conteudo/editais/09012026_Edital_2748950_SEI_2748603_Edital_Conjunto_n__1_2026.pdf/@@display-file/file ; Alteração do edital Conjunto nº 01/2026 - Programa Caminhos Amefricanos: Programa de Intercâmbios Sul-Sul -  EdiçõesPanamá, Angola e México, formato pdf, 81kb | https://www.gov.br/capes/pt-br/centrais-de-conteudo/editais/03022026_Edital_2762271_SEI_2757276_Edital_Conjunto_n__1_2026_CAPES_MIR_____1_.pdf ; Edital Conjunto nº 01/2026 - Programa Caminhos Amefricanos: Programa de Intercâmbios Sul-Sul -  EdiçõesPanamá, Angola e México - Cumprimento de decisão judicial, formato pdf, 51kb | https://www.gov.br/capes/pt-br/centrais-de-conteudo/editais/11022026_Edital_2766993_SEI_2766572_Edital_Conjunto_1_2026_.pdf ; Edital Conjunto nº 01/2026 - Programa Caminhos Amefricanos: Programa de Intercâmbios Sul-Sul -  EdiçõesPanamá, Angola e México - Retificação do Cumprimento de decisão judicial, formato pdf, 52kb | https://www.gov.br/capes/pt-br/centrais-de-conteudo/editais/13022026_Edital_2768872_SEI_2768349_Edital_Conjunto_n__1_2026____Retificacao_de_Decisao_Judicial.pdf ; Lista de inscritos Edital Conjunto nº 01/2026 - Programa Caminhos Amefricanos: Programa de Intercâmbios Sul-Sul -  EdiçõesPanamá, Angola e México, formato pdf, 421kb | https://www.gov.br/capes/pt-br/centrais-de-conteudo/resultados-dos-editais/12032026_Lista_Listagem_2780399_Lista_de_Inscritos_Panama.pdf ; Lista de inscritos Edital Conjunto nº 01/2026 - Programa Caminhos Amefricanos: Programa de Intercâmbios Sul-Sul -  EdiçõesAngola e México, formato pdf, 435kb | https://www.gov.br/capes/pt-br/centrais-de-conteudo/resultados-dos-editais/01042026_Lista_Listagem_2788855_Lista_de_inscritos_Angola_e_Mexico.pdf"
CAPES,"Edital nº 07/2026 - CAPES/Cofecub, formato, pdf, 545kb",30/03/2026,,https://www.gov.br/capes/pt-br/centrais-de-conteudo/editais/30032026_EDITAL72026CAPESCOFECUB.pdf,3,"Alteração do Edital nº 07/2026 - CAPES/Cofecub, formato, pdf, 143kb | https://www.gov.br/capes/pt-br/centrais-de-conteudo/editais/Edital_2832325_EDITAL_7_2026___ALTERACAO.pdf ; Lista de inscritos  no Edital n° 7/2026 - Programa CAPES/COFECUB, formato, pdf, 116kb | https://www.gov.br/capes/pt-br/centrais-de-conteudo/editais/Lista_Listagem_2841501_Lista_de_inscritos.pdf/@@display-file/file"
FAPESB,DIRETRIZES ESPECÍFICAS DA FAPESB – CHAMADA 2026 CONFAP – BRASILLINOIS,25/03/2026,26/05/2026,https://www.fapesb.ba.gov.br/diretrizes-especificas-da-fapesb-chamada-2026-confap-brasillinois/,1,
FINEP,Agricultura familiar para ICTs 2026,25/03/2026,03/07/2026,https://www.finep.gov.br/e/chamada-publica/222684/755892,1,
FINEP,Ecossistema Tecnológico de Biorrefino,25/03/2026,08/06/2026,https://www.finep.gov.br/e/chamada-publica/222684/755795,1,
CAPES,"Edital nº 06/2026 Programa Rede de Pesquisa e Desenvolvimento da Amazônia Legal - formato, pdf, 168kb",20/03/2026,,https://www.gov.br/capes/pt-br/centrais-de-conteudo/editais/20032026_Edital_2787827_SEI_2787352_Edital_6_2026.pdf,1,
FINEP,Prêmio Mulheres Inovadoras – 7ª edição – 2026,13/03/2026,11/05/2026,https://www.finep.gov.br/e/chamada-publica/222684/755727,1,
FINEP,Finep Mais Inovação Brasil - Rodada 2 – Tecnologias Digitais,12/03/2026,30/09/2026,https://www.finep.gov.br/e/chamada-publica/222684/755485,1,
FINEP,Finep Mais Inovação Brasil – Rodada 2 – Semicondutores,12/03/2026,30/09/2026,https://www.finep.gov.br/e/chamada-publica/222684/755605,1,
FAPESB,EDITAL FAPESB N° 05/2026 MOVE 2026 – PARTICIPAÇÃO DE PESQUISADORES EM EVENTOS NO EXTERIOR,10/03/2026,,https://www.fapesb.ba.gov.br/edital-fapesb-n-052026-move-2026-participacao-de-pesquisadores-em-eventos-no-exterior/,1,
FINEP,Finep Mais Inovação Brasil – Rodada 2 – Mobilidade Sustentável,06/03/2026,31/08/2026,https://www.finep.gov.br/e/chamada-publica/222684/755376,1,
FAPESB,Chamada Fundação de Amparo à Pesquisa da Bahia/SECTI/SEMA/FGB nº 01/2026,04/03/2026,,https://www.fapesb.ba.gov.br/chamada-fundacao-de-amparo-a-pesquisa-da-bahiasectisemafgb-no-012026/,1,
FAPESB,EDITAL FAPESB/SECTI/IEL nº 004/2026 – Chamada Estratégica FAPESB/SECTI/IEL,04/03/2026,,https://www.fapesb.ba.gov.br/edital-fapesbsectiiel-no-0042026-chamada-estrategica-fapesbsectiiel/,1,
CAPES,"Edital nº 2/2026 - Pé-de-Meia Licenciaturas - formato, pdf, 81kb",16/01/2026,,https://www.gov.br/capes/pt-br/centrais-de-conteudo/editais/16012026_Edital_2753123_SEI_2753038_Edital_2_2026.pdf,2,"Alteração do edital nº 2/2026 - Pé-de-Meia Licenciaturas - formato, pdf, 55kb | https://www.gov.br/capes/pt-br/centrais-de-conteudo/editais/19022026_Edital_2769828_SEI_2769557_Edital__2_2026.pdf"
FINEP,Finep Mais Inovação Brasil – Rodada 2 – Economia Circular e Cidades Sustentáveis,13/02/2026,31/08/2026,https://www.finep.gov.br/e/chamada-publica/222684/755213,1,
FINEP,Finep Mais Inovação Brasil - Rodada 2 - Saúde / Empresas,06/02/2026,31/08/2026,https://www.finep.gov.br/e/chamada-publica/222684/754704,1,
FINEP,Finep Mais Inovação Brasil - Rodada 2 - Subvenção Econômica Regional,06/02/2026,09/04/2026,https://www.finep.gov.br/e/chamada-publica/222684/755080,1,
FINEP,Finep Mais Inovação Brasil – Rodada 2 - Base Industrial de Defesa,06/02/2026,30/09/2026,https://www.finep.gov.br/e/chamada-publica/222684/754961,1,
FINEP,Finep Mais Inovação Brasil – Rodada 2 – Cadeias Agroindustriais Sustentáveis,06/02/2026,30/09/2026,https://www.finep.gov.br/e/chamada-publica/222684/754839,1,
FINEP,Finep Mais Inovação Brasil – Rodada 2 – Transformação Mineral,06/02/2026,31/08/2026,https://www.finep.gov.br/e/chamada-publica/222684/754473,1,
FINEP,Finep Mais Inovação Brasil – Rodada 2 – Transição Energética,06/02/2026,31/08/2026,https://www.finep.gov.br/e/chamada-publica/222684/754567,1,
FAPESB,DIRETRIZES ESPECÍFICAS DA FAPESB – Chamada para submissão de propostas do programa de Intercâmbio de Pessoal (MSCA SE) em coordenação com o Horizonte Europa,29/01/2026,,https://www.fapesb.ba.gov.br/diretrizes-especificas-da-fapesb-chamada-para-submissao-de-propostas-do-programa-de-intercambio-de-pessoal-msca-se-em-coordenacao-com-o-horizonte-europa-2/,1,
FAPESB,EDITAL FAPESB/SECTI nº 003/2026 – Apoio a Pesquisas e Inovações para a Defesa Nacional e a Segurança Pública,20/01/2026,,https://www.fapesb.ba.gov.br/edital-fapesbsecti-no-0032026-apoio-a-pesquisas-e-inovacoes-para-a-defesa-nacional-e-a-seguranca-publica/,1,
FINEP,SELEÇÃO PÚBLICA MCTI/FINEP/FNDCT - Subvenção Econômica à Inovação - DESAFIOS TECNOLÓGICOS PARA AGRICULTURA FAMILIAR,23/12/2025,,https://www.finep.gov.br/e/chamada-publica/222684/754098,1,
FINEP,Pesquisa Aplicada Em Centros Temáticos 2025,19/12/2025,29/05/2026,https://www.finep.gov.br/e/chamada-publica/222684/753688,1,
FINEP,PROCESSO DE SELEÇÃO Nº 01/2025 PARA CELEBRAÇÃO DE CONVÊNIO COM ENTIDADE FECHADA DE PREVIDÊNCIA COMPLEMENTAR - EFPC,05/12/2025,,https://www.finep.gov.br/e/chamada-publica/222684/753680,1,
FAPESB,"EDITAL FAPESB Nº 030/2025 APOIO À PESQUISA CIENTÍFICA, TECNOLÓGICA E/OU DE INOVAÇÃO EM DOENÇAS E AGRAVOS PREVALENTES NA POPULAÇÃO NEGRA, COM ÊNFASE EM DOENÇA FALCIFORME E OS IMPACTOS DO RACISMO ESTRUTURAL NA SAÚDE – EDIÇÃO ANTÔNIA GARCIA",20/11/2025,,https://www.fapesb.ba.gov.br/edital-fapesb-no-0302025-apoio-a-pesquisa-cientifica-tecnologica-eou-de-inovacao-em-doencas-e-agravos-prevalentes-na-populacao-negra-com-enfase-em-doenca-falciforme-e-os-impactos-do-racismo-estrut/,1,
FINEP,FIP Bioeconomia e Sustentabilidade,11/11/2025,,https://www.finep.gov.br/e/chamada-publica/222684/752980,1,
FAPESB,Edital Nº 024/2025 Programa Nacional de Apoio à Geração de Empreendimentos Inovadores Programa Centelha 3 Bahia,06/11/2025,,https://www.fapesb.ba.gov.br/edital-no-0242025-programa-nacional-de-apoio-a-geracao-de-empreendimentos-inovadores-programa-centelha-3-bahia/,1,
CAPES,"Edital Conjunto nº 04/2024 - Programa CAMINHOS AMEFRICANOS: PROGRAMA DE INTERCÂMBIOS SUL-SUL - EDIÇÃO PERU, EDIÇÃO ANGOLA e EDIÇÃO REPÚBLICA DOMINICANA, formato pdf, 146kb",,,https://www.gov.br/capes/pt-br/centrais-de-conteudo/editais/23122024_Edital_2517683_SEI_2515663_Edital_Conjunto_4_2024.pdf/@@display-file/file,6,"EDITAL CONJUNTO N° 4/2024 - ALTERAÇÃO - CAMINHOS AMEFRICANOS: PROGRAMA DE INTERCÂMBIOS SUL-SUL - EDIÇÕES PERU, ANGOLA E REPÚBLICA DOMINICANA, formato, pdf, 63kb | https://www.gov.br/capes/pt-br/centrais-de-conteudo/editais/Edital_2620581_SEI_2617290_Edital_Conjunto_4_2024.pdf/@@display-file/file ; Retificação do Edital Conjunto nº 04/2024 - Programa CAMINHOS AMEFRICANOS: PROGRAMA DE INTERCÂMBIOS SUL-SUL - EDIÇÃO PERU, EDIÇÃO ANGOLA e EDIÇÃO REPÚBLICA DOMINICANA, formato pdf, 71kb | https://www.gov.br/capes/pt-br/centrais-de-conteudo/editais/16012025_Edital_2528145_SEI_2526246_Edital_Conjunto_N__4_2024___RETIFICACAO.pdf ; Lista de Inscritos do Edital Conjunto nº 04/2024 - Peru - Programa Programa CAMINHOS AMEFRICANOS: PROGRAMA DE INTERCÂMBIOS SUL-SUL - EDIÇÃO PERU, EDIÇÃO ANGOLA e EDIÇÃO REPÚBLICA DOMINICANA, formato pdf, 443kb | https://www.gov.br/capes/pt-br/centrais-de-conteudo/resultados-dos-editais/06032025_Lista_Listagem_2550258_MIR_lista_de_inscritos___alterado.pdf ; Lista de Inscritos do Edital Conjunto nº 04/2024 - Angola, República Dominicana - Programa Programa CAMINHOS AMEFRICANOS: PROGRAMA DE INTERCÂMBIOS SUL-SUL - EDIÇÃO PERU, EDIÇÃO ANGOLA e EDIÇÃO REPÚBLICA DOMINICANA, formato pdf, 264kb | https://www.gov.br/capes/pt-br/centrais-de-conteudo/resultados-dos-editais/17032025_Lista_Listagem_2557320_Lista_de_Inscritos_Angola_e_Rep_Dominicana.pdf ; Alteração do Edital Conjunto nº 04/2024 - Programa CAMINHOS AMEFRICANOS: PROGRAMA DE INTERCÂMBIOS SUL-SUL - EDIÇÃO PERU, EDIÇÃO ANGOLA e EDIÇÃO REPÚBLICA DOMINICANA, formato pdf, 63kb | https://www.gov.br/capes/pt-br/centrais-de-conteudo/editais/14082025_EditalConjunto42024_Alterao.pdf"
CAPES,"Edital Nº 07/2025 - CAPES/Brafitec, formato, pdf, 207kb",03/04/2025,,https://www.gov.br/capes/pt-br/centrais-de-conteudo/editais/03042025_Edital_2574246_SEI_2572796_Edital_n__7_2025.pdf,4,"Alteração do Edital Nº 07/2025 - CAPES/Brafitec, formato, pdf, 65kb | https://www.gov.br/capes/pt-br/centrais-de-conteudo/editais/25062025_Edital_2623304_SEI_2622327_Edital_n__7_2025___Alteracao.pdf ; Lista de Inscrições Recebidas no Programa CAPES-BRAFITEC - Edital nº 07/2025, formato, pdf, 173kb | https://www.gov.br/capes/pt-br/centrais-de-conteudo/resultados-dos-editais/23072025_Lista_Listagem_2636522_lista_de_inscritos___Brafitec.pdf ; Retificação da lista de Inscrições Recebidas no Programa CAPES-BRAFITEC - Edital nº 07/2025, formato, pdf, 201kb | https://www.gov.br/capes/pt-br/centrais-de-conteudo/resultados-dos-editais/04082025_Listagem_2643912_Lista_de_Inscritos.pdf"
CAPES,"Edital nº 09/2025 - CAPES/Cofecub, formato, pdf, 207kb",09/04/2025,,https://www.gov.br/capes/pt-br/centrais-de-conteudo/editais/09042025_Edital_2578055_SEI_2577896_Edital_n__9_2025.pdf,2,"Relação das inscrições Recebidas do edital nº 09/2025, formato, pdf, 304kb | https://www.gov.br/capes/pt-br/centrais-de-conteudo/editais/25062025_Lista_Listagem_2617939_Lista_de_inscritos_25.pdf"
CAPES,"Edital nº 15/2024 - Política de Novação para Bolsistas e Ex-Bolsistas no Exterior, formato - pdf, 133kb",,,https://www.gov.br/capes/pt-br/centrais-de-conteudo/editais/28062024_Edital_2407822_SEI_2407228_Edital_15_2024.pdf/@@display-file/file,3,"Prorrogação do Edital nº 15/2024 - Política de Novação para Bolsistas e Ex-Bolsistas no Exterior, formato - pdf, 60kb | https://www.gov.br/capes/pt-br/centrais-de-conteudo/editais/29102024_Edital_2486324_SEI_2485381_Edital_15_2024.pdf/@@display-file/file ; Alteração do Edital nº 15/2024 - Política de Novação para Bolsistas e Ex-Bolsistas no Exterior, formato - pdf, 61kb | https://www.gov.br/capes/pt-br/centrais-de-conteudo/editais/06062025_Publicacao_no_DOU_2612769_SEI_2611767_Edital_15_2024.pdf"
FINEP,FIP Transição Energética e Descarbonização,04/06/2025,,https://www.finep.gov.br/e/chamada-publica/222684/752871,1,
CAPES,"Edital nº 05/2025 - Programa CAPES/CLIMAT-AMSUD, formato - pdf, 21kb",14/03/2025,,https://www.gov.br/capes/pt-br/centrais-de-conteudo/editais/14032025_Edital_2561854_SEI_2560981_Edital_5.pdf,5,"Edital nº 05/2025 - ProgramaCAPES/CLIMAT-AMSUD, formato - pdf, 21kb | https://www.gov.br/capes/pt-br/centrais-de-conteudo/editais/14032025_Edital_2561854_SEI_2560981_Edital_5.pdf ; Edital nº 05/2025 - Programa CAPES/STIC-AMSUD, formato - pdf, 21kb | https://www.gov.br/capes/pt-br/centrais-de-conteudo/editais/14032025_Edital_2561854_SEI_2560981_Edital_5.pdf ; Lista de inscritos do Edital nº 05/2025 - Programa CAPES/MATH-AMSUD, formato - pdf, 62kb | https://www.gov.br/capes/pt-br/centrais-de-conteudo/resultados-dos-editais/02062025_Lista_Listagem_2602780_amsud_2025.pdf ; Lista de inscritos do Edital nº 05/2025 - Programa CAPES/CLIMAT-AMSUD, formato - pdf, 62kb | https://www.gov.br/capes/pt-br/centrais-de-conteudo/resultados-dos-editais/02062025_Lista_Listagem_2602780_amsud_2025.pdf"
CAPES,"Edital nº 10/2025 - Política de Novação para Bolsistas e Ex-Bolsistas no Exterior, formato - pdf, 102kb",30/04/2025,,https://www.gov.br/capes/pt-br/centrais-de-conteudo/editais/30042025_Edital_2589477_SEI_2588226_Edital_n__10_2025.pdf,1,
FINEP,Seleção de Gestor para o FIP Complexo da Saúde,07/04/2025,,https://www.finep.gov.br/e/chamada-publica/222684/752474,1,
CAPES,"Edital nº 1/2025 - Pé-de-Meia Licenciaturas - formato, pdf, 76kb",17/01/2025,,https://www.gov.br/capes/pt-br/centrais-de-conteudo/editais/17012025_Edital_2529011_SEI_2528468_Edital_n__1_2025.pdf,4,"Alteração do edital nº 1/2025 - Pé-de-Meia Licenciaturas - formato, pdf, 76kb | https://www.gov.br/capes/pt-br/centrais-de-conteudo/editais/07022025_Edital_2541491_SEI_2540577_Edital_1_2025.pdf ; Tornar sem efeito a alteração do edital nº 1/2025 - Pé-de-Meia Licenciaturas - formato, pdf, 142kb | https://www.gov.br/capes/pt-br/centrais-de-conteudo/editais/17022025_Publicacao_no_DOU_2546770_EDITAL_1_2025__TORNAR_SEM_EFEITO_ALTERACAO.pdf ; Alteração do edital nº 1/2025 - Pé-de-Meia Licenciaturas - Segunda chamada - formato, pdf, 51kb | https://www.gov.br/capes/pt-br/centrais-de-conteudo/editais/04042025_Edital_2574981_SEI_2574897_Edital_1_2025.pdf"
CAPES,"Edital Nº 10/2023 - CAPES/Brafitec, formato, pdf, 429kb",,,https://www.gov.br/capes/pt-br/centrais-de-conteudo/editais/13042023_Edital_1953404_Edital_10.2023.pdf/@@display-file/file,3,"Lista de inscritosEdital Nº 10/2023 - CAPES/Brafitec, formato, pdf, 52kb | https://www.gov.br/capes/pt-br/centrais-de-conteudo/resultados-dos-editais/18092023_Lista_Listagem_2234997_Lista_de_inscritos_2023.pdf/@@display-file/file ; Alteração do Edital n° 10/2023 - Brafitec, formato, pdf, 51kb | https://www.gov.br/capes/pt-br/centrais-de-conteudo/editais/27032025_Edital_2570257_SEI_2569933_Edital_N__10_2023___ALTERACAO.pdf"
CAPES,"Edital nº 11/2024 - CAPES/Brafitec, formato, pdf, 583kb",,,https://www.gov.br/capes/pt-br/centrais-de-conteudo/editais/15042024_EDITAL112024PROGRAMABRAFITEC.pdf/@@display-file/file,3,"Lista de Inscrições Recebidas no Programa CAPES-BRAFITEC - Edital nº 11/2024, formato, pdf, 44kb | https://www.gov.br/capes/pt-br/centrais-de-conteudo/editais/24092024_Lista_Listagem_2459366_Lista_de_Inscritos.pdf/@@display-file/file ; Alteração do Edital nº 11/2024 - CAPES/Brafitec, formato, pdf, 51kb | https://www.gov.br/capes/pt-br/centrais-de-conteudo/editais/27032025_Edital_2570314_SEI_2569939_Edital__N__11_2024___ALTERACAO.pdf"
CAPES,"Edital nº 16/2024 - Programa CAPES/AUGM, formato - pdf, 235kb",,,https://www.gov.br/capes/pt-br/centrais-de-conteudo/editais/08072024_Edital_2413631_SEI_2413500_Edital_16_2024.pdf/@@display-file/file,3,"Lista de inscritos do Edital nº 16/2024, formato, pdf, 174kb | https://www.gov.br/capes/pt-br/centrais-de-conteudo/resultados-dos-editais/30092024_Lista_Listagem_2456928_Lista_de_inscritos.pdf/@@display-file/file ; Alteração do Edital nº 16/2024 - Programa CAPES/AUGM, formato - pdf, 52kb | https://www.gov.br/capes/pt-br/centrais-de-conteudo/editais/24032025_Edital_2567485_SEI_2566349_Edital_n__16_2024___Alteracao_IV.pdf"
FINEP,Conhecimento Brasil,07/08/2024,,https://www.finep.gov.br/e/chamada-publica/222684/749717,1,
FINEP,Edital FIP Nordeste Capital Semente,10/07/2024,,https://www.finep.gov.br/e/chamada-publica/222684/749273,1,
FINEP,"SOLUÇÕES TECNOLÓGICAS PARA AUMENTO DA PRODUTIVIDADE NA AGRICULTURA FAMILIAR, AQUICULTURA E PESCA ARTESANAL",08/07/2024,,https://www.finep.gov.br/e/chamada-publica/222684/748141,1,
FINEP,Chamada pública conjunta Finep e Rede Eureka 2024,31/01/2024,,https://www.finep.gov.br/e/chamada-publica/222684/747009,1,
FINEP,Programa de Investimento em Startups Inovadoras 2ª Rodada,21/11/2017,,https://www.finep.gov.br/e/chamada-publica/222684/721708,1,
FINEP,COOPERAÇÃO ICT-EMPRESA – 01/2017,08/05/2017,,https://www.finep.gov.br/e/chamada-publica/222684/721088,1,
FINEP,Finep / CDTI - COOPERAÇÃO ICT-EMPRESA – 01/2017,07/05/2017,,https://www.finep.gov.br/e/chamada-publica/222684/721094,1,
FINEP,Chamada Pública Bilateral Finep-CDTI,13/10/2015,,https://www.finep.gov.br/e/chamada-publica/222684/719676,1,
CAPES,"Alteração do Edital CAPES/DAAD Probral nº 14/2019 - pdf, 60kb",,,https://www.gov.br/capes/pt-br/centrais-de-conteudo/editais/24052024_Edital_2384178_SEI_2382892_Edital_14_2019___Alteracao_II.pdf/@@display-file/file,1,
CAPES,"Alteração do Edital Nº 12/2019 - CAPES/COFECUB - formato, pdf, 68kb",,,https://www.gov.br/capes/pt-br/centrais-de-conteudo/editais/19062024_Edital_2400250_SEI_2399447_Edital_12_2019___ALTERACAO_III.pdf/@@display-file/file,1,
CAPES,"Alteração do edital nº 19/2022 -ProgramaCAPES/MATH-AMSUD, formato - pdf, 60kb",,,https://www.gov.br/capes/pt-br/centrais-de-conteudo/editais/19062024_Edital_2400204_SEI_2399434_Edital_19_2022___ALTERACAO_II.pdf/@@display-file/file,1,
CAPES,"Alteração do Edital nº 36/2017 - formato, pdf, 246kb",,,https://www.gov.br/capes/pt-br/centrais-de-conteudo/editais/EDITAL362017_HUMBOLDT_Alterao.pdf/@@display-file/file,1,
CAPES,"Alteração Edital nº 11 - Programa Cátedra Jorge Amado, formato, pdf, 53,3kb",,,https://www.gov.br/capes/pt-br/centrais-de-conteudo/editais/edital_2845089_sei_2843522_edital_n__11_2026.pdf/@@display-file/file,1,
CAPES,"Alteração Edital nº 16/2026 - Programa AURORA, formato, pdf, 982kb",,,https://www.gov.br/capes/pt-br/centrais-de-conteudo/editais/edital_2853575_edital.pdf/@@display-file/file,1,
CAPES,Chamada Pública para Envio de Proposta de Curso Novo - Edital nº 20/2026,,,https://www.gov.br/capes/pt-br/centrais-de-conteudo/editais/edital_2844920.pdf/@@display-file/file,1,
CAPES,"Edital CAPES/DAAD Probral nº 06/2021, formato, pdf, 254kb",,,https://www.gov.br/capes/pt-br/centrais-de-conteudo/editais/EDITAL6PROBRAL.pdf/@@display-file/file,3,"Alteração do Edital CAPES/DAAD Probral nº 06/2021, formato, pdf, 67kb | https://www.gov.br/capes/pt-br/centrais-de-conteudo/editais/19062024_Edital_2400395_SEI_2398543_Edital_6_2021__1_.pdf/@@display-file/file ; Lista de inscritos do Edital CAPES/DAAD Probral nº 06/2021, formato, pdf, 47kb | https://www.gov.br/capes/pt-br/centrais-de-conteudo/18062021_Edital_6_2021_PROBRAL.pdf/@@display-file/file"
CAPES,"Edital CAPES/DAAD Probral nº 09/2023, formato - pdf, 472kb",,,https://www.gov.br/capes/pt-br/centrais-de-conteudo/editais/10042023_Edital_1950397_SEI_CAPES___1950165___Edital_9_2023.pdf/@@display-file/file,4,"Alteração do Edital CAPES/DAAD Probral nº 09/2023, formato - pdf, 60kb | https://www.gov.br/capes/pt-br/centrais-de-conteudo/editais/19062024_Edital_2400189_SEI_2398591_Edital_21_2022.pdf/@@display-file/file ; Relação das inscrições do Edital CAPES/DAAD Probral nº 09/2023, formato, pdf, 412kb | https://www.gov.br/capes/pt-br/centrais-de-conteudo/resultados-dos-editais/19072023_Lista_Listagem_2018436_Probral_23.pdf/@@display-file/file ; Alteração do EditalCAPES/DAAD Probalnº9/2023, formato, pdf, 113kb | https://www.gov.br/capes/pt-br/centrais-de-conteudo/resultados-dos-editais/20062023_Edital_2001190_EDITAL_9_2023_SITE.pdf/@@display-file/file"
CAPES,"Edital CAPES/DAAD Probral nº 09/2024, formato - pdf, 630kb",,,https://www.gov.br/capes/pt-br/centrais-de-conteudo/editais/04042024_EDITAL9CAPESDAADPROBRAL.pdf/@@display-file/file,3,"Lista de inscritos do Edital CAPES/DAAD Probral nº 09/2024, formato - pdf, 334kb | https://www.gov.br/capes/pt-br/centrais-de-conteudo/editais/21062024_Lista_Listagem_2398276_probral.pdf/@@display-file/file ; Alteração do Edital CAPES/DAAD Probral nº 09/2024, formato - pdf, 52kb | https://www.gov.br/capes/pt-br/centrais-de-conteudo/editais/03062024_Edital_2388049_SEI_2386684_Edital_9_2024.pdf/@@display-file/file"
CAPES,"Edital CAPES/DAAD Probral nº 21/2022, formato, pdf, 376kb",,,https://www.gov.br/capes/pt-br/centrais-de-conteudo/editais/18042022_Edital_1681234_Edital_21.22.pdf/@@display-file/file,3,"Alteração do Edital CAPES/DAAD Probral nº 21/2022, formato, pdf, 101kb | https://www.gov.br/capes/pt-br/centrais-de-conteudo/editais/19062024_Edital_2400189_SEI_2398591_Edital_21_2022.pdf/@@display-file/file ; Relação das inscrições do Edital CAPES/DAAD Probral nº21/2022, formato, pdf, 78kb | https://www.gov.br/capes/pt-br/centrais-de-conteudo/resultados-dos-editais/13072022_Lista_Listagem_1748985_Probral.pdf/@@display-file/file"
CAPES,Edital Conjunto nº 5/2026 - Programa OBEDUC-EI - Observatório da Educação Especial Inclusiva,,,https://www.gov.br/capes/pt-br/centrais-de-conteudo/editais/edital-no-5.pdf/@@display-file/file,2,"Edital Conjunto nº 5/2026 - Programa OBEDUC-EI, formato, pdf, 9,67mb | https://www.gov.br/capes/pt-br/centrais-de-conteudo/editais/edital-no-5.pdf/@@display-file/file"
CAPES,"Edital Conjunto nº 6/2026 - CAPES/CNJ - Apoio a Pesquisas Judiciárias, formato, pdf, 257kb",,,https://www.gov.br/capes/pt-br/centrais-de-conteudo/editais/edital_2873621_sei___23038-001405_2026_81.pdf/@@display-file/file,1,
CAPES,"Edital nº 039/2013 - Programa de Desenvolvimento Profissional para Professores de Língua Inglesa nos EUA - PDPI - pdf, 400kb",,,https://www.gov.br/capes/pt-br/centrais-de-conteudo/Edital_039_2013_PDPI.pdf/@@display-file/file,1,
CAPES,"Edital nº 05/2023 - ProgramaCAPES/MATH-AMSUD, formato - pdf, 473kb",,,https://www.gov.br/capes/pt-br/centrais-de-conteudo/editais/15032023_Edital_1933938_Edital_5_2023.pdf/@@display-file/file,3,"Alteração do Edital nº 05/2023 - ProgramaCAPES/MATH-AMSUD, formato - pdf, 60kb | https://www.gov.br/capes/pt-br/centrais-de-conteudo/editais/19062024_Edital_2400239_SEI_2399449_Edital_05_2023___ALTERACAO_II.pdf/@@display-file/file ; Relação das inscrições do Edital nº 05/2023 - ProgramaCAPES/MATH-AMSUD, formato - pdf, 571kb | https://www.gov.br/capes/pt-br/centrais-de-conteudo/resultados-dos-editais/30052023_Lista_Listagem_1984677_Lista_de_inscritos_Math_Amsud_Edital_5.2023.pdf/@@display-file/file"
CAPES,"Edital nº 05/2024 - ProgramaCAPES/CLIMAT-AMSUD, formato - pdf, 239kb",,,https://www.gov.br/capes/pt-br/centrais-de-conteudo/editais/20032024_Edital_2343766_SEI_2342530_Edital_05_2024.pdf/@@display-file/file,4,"Edital nº 05/2024 - ProgramaCAPES/STIC-AMSUD, formato - pdf, 239kb | https://www.gov.br/capes/pt-br/centrais-de-conteudo/editais/20032024_Edital_2343766_SEI_2342530_Edital_05_2024.pdf/@@display-file/file ; Alteração do Edital nº 05/2024 - ProgramaCAPES/MATH-AMSUD, formato - pdf, 57kb | https://www.gov.br/capes/pt-br/centrais-de-conteudo/editais/07052024_Edital_2373417_SEI_2372656_Edital_05_2024.pdf/@@display-file/file ; Edital nº 05/2024 - ProgramaCAPES/MATH-AMSUD, formato - pdf, 239kb | https://www.gov.br/capes/pt-br/centrais-de-conteudo/editais/20032024_Edital_2343766_SEI_2342530_Edital_05_2024.pdf/@@display-file/file"
CAPES,"Edital nº 06/2023 - ProgramaCAPES/STIC-AMSUD, formato - pdf, 473kb",,,https://www.gov.br/capes/pt-br/centrais-de-conteudo/editais/15032023_Edital_1933950_Edital_6_2023.pdf/@@display-file/file,3,"Alteração do Edital nº 06/2023 - Programa CAPES/STIC-AMSUD, formato - pdf, 68kb | https://www.gov.br/capes/pt-br/centrais-de-conteudo/editais/19062024_Edital_2400119_SEI_2399429_Edital_6_2023___Alteracao_II.pdf/@@display-file/file ; Relação das inscrições do Edital nº 06/2023 - Programa CAPES/STIC-AMSUD, formato - pdf, 571kb | https://www.gov.br/capes/pt-br/centrais-de-conteudo/resultados-dos-editais/30052023_Lista_Listagem_1984493_Lista_de_inscritos_Stic_Amsud_Edital_6.2023.pdf/@@display-file/file"
CAPES,"Edital nº 06/2024 - PDSE - formato, pdf, 133kb",,,https://www.gov.br/capes/pt-br/centrais-de-conteudo/editais/21032024_Edital_2344636_SEI_2343579_Edital_6_2024.pdf/@@display-file/file,2,"Prorrogação do Edital nº 06/2024 - PDSE - formato, pdf, 55kb | https://www.gov.br/capes/pt-br/centrais-de-conteudo/editais/10052024_Edital_2376323_SEI_2375557_Edital_6_2024.pdf/@@display-file/file"
CAPES,"Edital nº 07/2023 - ProgramaCAPES/CLIMAT-AMSUD, formato - pdf, 466kb",,,https://www.gov.br/capes/pt-br/centrais-de-conteudo/editais/15032023_Edital_1933965_Edital_7_2023_.pdf/@@display-file/file,3,"Alteração doEdital nº 07/2023 - ProgramaCAPES/CLIMAT-AMSUD, formato - pdf, 68kb | https://www.gov.br/capes/pt-br/centrais-de-conteudo/editais/19062024_Edital_2400133_SEI_2399445_Edital_07_2023___ALTERACAO_II.pdf/@@display-file/file ; Relação das inscrições do Edital nº 07/2023 - Programa CAPES/CLIMAT-AMSUD, formato - pdf, 570kb | https://www.gov.br/capes/pt-br/centrais-de-conteudo/resultados-dos-editais/30052023_Lista_Listagem_1984693_Lista_de_inscritos_Climat_Amsud_Edital_7.2023.pdf/@@display-file/file"
CAPES,"Edital nº 08/2023 - CAPES/Cofecub, formato, pdf, 495kb",,,https://www.gov.br/capes/pt-br/centrais-de-conteudo/editais/03042023_Edital_1946708_Edital_8_2022.pdf/@@display-file/file,2,"Alteração doEdital nº 08/2023 - CAPES/Cofecub, formato, pdf, 68kb | https://www.gov.br/capes/pt-br/centrais-de-conteudo/editais/20062024_Edital_2401059_SEI_2399441_Edital_08_2023___ALTERACAO_II.pdf/@@display-file/file"
CAPES,"Edital nº 08/2024 - CAPES/Cofecub, formato, pdf, 213kb",,,https://www.gov.br/capes/pt-br/centrais-de-conteudo/editais/22032024_Edital_2345736_SEI_2343959_Edital_8.pdf/@@display-file/file,4,"Alteração do Edital nº 08/2024 - Programa CAPES/Cofecub, formato, pdf, 54kb | https://www.gov.br/capes/pt-br/centrais-de-conteudo/editais/23122024_Edital_2517712_SEI_2516934_Edital_8_2024.pdf/@@display-file/file ; Prorrogação do Edital nº 08/2024 - CAPES/Cofecub, formato, pdf, 52kb | https://www.gov.br/capes/pt-br/centrais-de-conteudo/editais/02072024_Edital_2409554_SEI_2409272_Edital_08_2024___Prorrogacao.pdf/@@display-file/file ; Alteração do Edital nº 08/2024 - CAPES/Cofecub, formato, pdf, 57kb | https://www.gov.br/capes/pt-br/centrais-de-conteudo/editais/07052024_Edital_2373782_SEI_2372654_Edital_08_2024.pdf/@@display-file/file"
CAPES,"Edital nº 10/2022 - PDSE - formato, pdf, 337kb",,,https://www.gov.br/capes/pt-br/centrais-de-conteudo/editais/16022022_Edital10.22PDSE.pdf/@@display-file/file,1,
CAPES,"Edital nº 16/2025 - formato, pdf, 360kb",,,https://www.gov.br/capes/pt-br/centrais-de-conteudo/editais/11082025_Edital_2654124.pdf/@@display-file/file,2,"Lista de inscritos no edital nº 16/2025 - formato, pdf, 207kb | https://www.gov.br/capes/pt-br/centrais-de-conteudo/resultados-dos-editais/29102025_Lista_Listagem_2693783_SEI___23038.003238_2025_21_buffalo.pdf/@@display-file/file"
CAPES,Edital nº 16/2026 - Programa AURORA — Continuidade da Trajetória de Mães Cientistas,,,https://www.gov.br/capes/pt-br/centrais-de-conteudo/editais/Edital_2818271_SEI_2817084_Edital_16_2026__1_.pdf/@@display-file/file,1,
CAPES,"Edital nº 19/2017 - Programa de Desenvolvimento Profissional para Professores de Língua Inglesa nos EUA - PDPI - pdf, 315kb",,,https://www.gov.br/capes/pt-br/centrais-de-conteudo/31052017Edital192017PDPI.pdf/@@display-file/file,1,
CAPES,"Edital nº 19/2026 - Programa Capes/Universidade em Buffalo (Capes/UB) - Professor Visitante - formato, pdf, 139kb",,,https://www.gov.br/capes/pt-br/centrais-de-conteudo/editais/Edital_2843097_SEI_2842333_Edital_n__19_2026.pdf/@@display-file/file,1,
CAPES,"Edital nº 20/2022 -Programa CAPES/STIC-AMSUD, formato, pdf - 286kb",,,https://www.gov.br/capes/pt-br/centrais-de-conteudo/editais/07042022_Edital_1673688_EDITAL_20_2022_STIC_AMSUD.pdf/@@display-file/file,3,"Alteração do Edital nº 20/2022 -Programa CAPES/STIC-AMSUD, formato, pdf - 67kb | https://www.gov.br/capes/pt-br/centrais-de-conteudo/editais/19062024_Edital_2400177_SEI_2399435_Edital_20_2022___ALTERACAO_I.pdf/@@display-file/file ; Relação das inscrições do Edital nº 20/2022 - Programa CAPES/STIC-AMSUD, formato - pdf, 358kb | https://www.gov.br/capes/pt-br/centrais-de-conteudo/resultados-dos-editais/06062022_Lista_Listagem_1727082_STIC.pdf/@@display-file/file"
CAPES,"Edital nº 21/2026 - Programa de Desenvolvimento da Pós-Graduação (PDPG) – Parcerias Estratégicas nos Estados VI – Rede de Pesquisa e Desenvolvimento da Região Nordeste, formato, pdf, 177kb",,,https://www.gov.br/capes/pt-br/centrais-de-conteudo/editais/edital_2848691_sei_2847430_edital_n__21_2026.pdf/@@display-file/file,1,
CAPES,"Edital nº 22/2026 - Programa Institucional de Doutorado Sanduíche no Exterior (PDSE)- formato, pdf, 150kb",,,https://www.gov.br/capes/pt-br/centrais-de-conteudo/editais/sei_2849220_edital_n__22_2026.pdf/@@display-file/file,2,"Alteração Edital nº 22/2026 - Programa Institucional de Doutorado Sanduíche no Exterior (PDSE)- formato, pdf, 47,4kb | https://www.gov.br/capes/pt-br/centrais-de-conteudo/editais/edital_2858430_sei_2857160_edital_22_2026___alteracao.pdf/@@display-file/file"
CAPES,"Edital nº 23/2026 - Programa de Desenvolvimento Acadêmico Indígena (PDAI), formato, pdf, 168kb",,,https://www.gov.br/capes/pt-br/centrais-de-conteudo/editais/edital_2851776_sei_2851450_edital_n__23_2026.pdf/@@display-file/file,2,"Alteração Edital nº 23/2026 - Programa de Desenvolvimento Acadêmico Indígena (PDAI), formato, pdf, 102kb | https://www.gov.br/capes/pt-br/centrais-de-conteudo/editais/edital_2872644_edital_conjunto_23_2026___alteracao.pdf/@@display-file/file"
CAPES,"Edital nº 23/2026 - Programa Nacional de Formação de Professores da Educação Básica (PARFOR), formato, pdf, 168kb",,,https://www.gov.br/capes/pt-br/centrais-de-conteudo/editais/edital_2855421_sei_2854365_edital_n__23_2026.pdf/@@display-file/file,2,"Alteração Edital nº 23/2026 - Programa Nacional de Formação de Professores da Educação Básica (PARFOR), formato, pdf, 130kb | https://www.gov.br/capes/pt-br/centrais-de-conteudo/editais/edital_2875930_edital_23_2026___alteracao.pdf/@@display-file/file"
CAPES,"Edital nº 25/2022 - Programa CAPES/CLIMAT-AMSUD, formato - pdf, 353kb",,,https://www.gov.br/capes/pt-br/centrais-de-conteudo/editais/04052022_Edital_1698011_SEI_CAPES___1696119___Edital_25.pdf/@@display-file/file,3,"Alteração do edital nº 25/2022 - Programa CAPES/CLIMAT-AMSUD, formato - pdf, 67kb | https://www.gov.br/capes/pt-br/centrais-de-conteudo/editais/19062024_Edital_2400217_SEI_2399433_Edital_25_2022___ALTERACAO_I.pdf/@@display-file/file ; Relação das inscrições do Edital nº 25/2022 - Programa CAPES/CLIMAT-AMSUD, formato - pdf, 353kb | https://www.gov.br/capes/pt-br/centrais-de-conteudo/resultados-dos-editais/06062022_Lista_Listagem_1727108_Climat.pdf/@@display-file/file"
CAPES,"Edital nº 26/2024 - Programa Institucional de Doutorado Sanduíche no Exterior (PDSE) - Retificação - formato, pdf, 48kb",,,https://www.gov.br/capes/pt-br/centrais-de-conteudo/editais/14102024_Edital_2477735_SEI_2477608_Edital_N__26_2024.pdf/@@display-file/file,3,"Alteração do Edital nº 26/2024 - Programa Institucional de Doutorado Sanduíche no Exterior (PDSE), formato, pdf, 51kb | https://www.gov.br/capes/pt-br/centrais-de-conteudo/editais/13032025_Edital_2560841_SEI_2559847_Edital_26_2024___ALTERACAO.pdf/@@display-file/file ; Edital nº 26/2024 - Programa Institucional de Doutorado Sanduíche no Exterior (PDSE)- formato, pdf, 135kb | https://www.gov.br/capes/pt-br/centrais-de-conteudo/editais/08102024_Edital_2474014_SEI_2472849_Edital_26_2024.pdf/@@display-file/file"
CAPES,"Edital nº 27/2024 - Programa de Desenvolvimento Profissional para Professores de Língua Inglesa nos EUA - PDPI - pdf, 157kb",,,https://www.gov.br/capes/pt-br/centrais-de-conteudo/editais/05112024_Edital_2490387_SEI_2489251_Edital_27_2024.pdf/@@display-file/file,2,"Alteração do Edital 27/2024 - Programa de Desenvolvimento Profissional para Professores de Língua Inglesa no EUA - PDPI - formato, pdf, 52kb | https://www.gov.br/capes/pt-br/centrais-de-conteudo/editais/02122024_Edital_2505290_SEI_2504109_Edital_27_2024__.pdf/@@display-file/file"
CAPES,"Edital nº 30/2019 - Programa de Desenvolvimento Profissional para Professores de Língua Inglesa nos EUA - PDPI - pdf, 110kb",,,https://www.gov.br/capes/pt-br/centrais-de-conteudo/14022020_Edital_1145537_Edital_SITE.pdf/@@display-file/file,3,"Reabertura e alteração do Edital nº 30/2019 - Programa de Desenvolvimento Profissional para Professores de Língua Inglesa nos EUA - PDPI - pdf, 222kb | https://www.gov.br/capes/pt-br/centrais-de-conteudo/editais/28042022_Edital_1691552_SEI_CAPES___1685746___Edital_30_2019.pdf/@@display-file/file ; Suspensão do Edital nº 30/2019 - Programa de Desenvolvimento Profissional para Professores de Língua Inglesa nos EUA - PDPI - pdf, 111kb | https://www.gov.br/capes/pt-br/centrais-de-conteudo/editais/Edital_1326070_Edital_Suspensao_site.pdf/@@display-file/file"
CAPES,"Edital nº 30/2023 - PDSE - formato, pdf, 125kb",,,https://www.gov.br/capes/pt-br/centrais-de-conteudo/editais/06112023_Edital_2263037_SEI_2261948_Edital_30_2023.pdf/@@display-file/file,3,"Prorrogação do Edital nº 30/2023 - PDSE - formato, pdf, 136kb | https://www.gov.br/capes/pt-br/centrais-de-conteudo/editais/11012024_Edital_2306448_SEI_CAPES___2305414___Edital_30_2023___Prorrogacao.pdf/@@display-file/file ; Alteração do Edital nº 30/2023 - PDSE - formato, pdf, 51kb | https://www.gov.br/capes/pt-br/centrais-de-conteudo/editais/18122023_Edital_2293491_SEI_2293429_Edital_30_2023_Alteracao.pdf/@@display-file/file"
CAPES,"Edital Nº 32/2022 - CAPES/Cofecub, formato, pdf, 225kb",,,https://www.gov.br/capes/pt-br/centrais-de-conteudo/editais/29062022_EDITAL32_2022_COFECUB.pdf/@@display-file/file,3,"Alteração do Edital Nº 32/2022 - CAPES/Cofecub, formato, pdf, 68kb | https://www.gov.br/capes/pt-br/centrais-de-conteudo/editais/19062024_Edital_2400143_SEI_2399437_Edital_32_2022___ALTERACAO_III.pdf/@@display-file/file ; Relação de inscritos do Edital Nº 32/2022 - CAPES/Cofecub, formato, pdf, 65kb | https://www.gov.br/capes/pt-br/centrais-de-conteudo/resultados-dos-editais/25082022_Lista_Listagem_1783309_EDITAL_32_2022___CAPES_COFECUB_Relacao_de_Inscricoes.pdf/@@display-file/file"
CAPES,"Edital nº 32/2023 - Programa de Desenvolvimento Profissional para Professores de Língua Inglesa nos EUA - PDPI - pdf, 139kb",,,https://www.gov.br/capes/pt-br/centrais-de-conteudo/editais/16112023_Edital_2271416_SEI_2268914_Edital_32_2023.pdf/@@display-file/file,2,"Alteração do Edital nº 32/2023 - Programa de Desenvolvimento Profissional para Professores de Língua Inglesa nos EUA - PDPI - pdf, 57kb | https://www.gov.br/capes/pt-br/centrais-de-conteudo/editais/09022024_SEI_2321458_Edital_N__32_2023___ALTERACAOPDPI.pdf/@@display-file/file"
CAPES,"Edital nº 35/2011 - Certificação em Língua Inglesa - pdf, 615kb",,,https://www.gov.br/capes/pt-br/centrais-de-conteudo/Edital_035_CertificacaoEUAprofLingIngl_Fulbright.pdf/@@display-file/file,1,
CAPES,"Edital nº 4/2019 - Programa de Desenvolvimento Profissional para Professores de Língua Inglesa nos EUA - PDPI - pdf, 270kb",,,https://www.gov.br/capes/pt-br/centrais-de-conteudo/08022019Edital4.pdf/@@display-file/file,1,
CAPES,"Edital nº 44/2012 - Programa de Aperfeiçoamento para Professores de Língua Inglesa nos Eua, pdf, 272kb",,,https://www.gov.br/capes/pt-br/centrais-de-conteudo/Edital_0442012_ProfLingIngl_EUA.pdf/@@display-file/file,3,"Edital nº 44/2012 - Retificado - pdf, 528kb | https://www.gov.br/capes/pt-br/centrais-de-conteudo/Edital_0442012_ProfLIngRetif.pdf/@@display-file/file ; Retificação do Edital nº 44/2012 - pdf, 46kb | https://www.gov.br/capes/pt-br/centrais-de-conteudo/RetificacaoEdital442012_ProfLingInglEUA_01out12.pdf/@@display-file/file"
CAPES,"Edital nº 44/2022 - PDSE - formato, pdf, 337kb",,,https://www.gov.br/capes/pt-br/centrais-de-conteudo/editais/22122022_Edital_1882688_Edital_44_2022.pdf/@@display-file/file,2,"Alteração do Edital nº 44/2022 - PDSE - formato, pdf, 146kb | https://www.gov.br/capes/pt-br/centrais-de-conteudo/editais/23052023_Edital_1981709_Edital_44_2023.pdf/@@display-file/file"
CAPES,"Edital nº 52/2010 - Certificação em Língua Inglesa, pdf, 60kbDF",,,https://www.gov.br/capes/pt-br/centrais-de-conteudo/Edital_52_Certificacao_LinguaInglesa2010.pdf/@@display-file/file,1,
CAPES,"Edital Nº09/2026 - Programa CAPES/BRAFITEC, formato, pdf, 209kb",,,https://www.gov.br/capes/pt-br/centrais-de-conteudo/editais/Edital_2800035_SEI_2799041_Edital_9__de_2026.pdf,2,"Edital n° 9/2026 - Lista de Inscritos, formato, pdf, 398kb | https://www.gov.br/capes/pt-br/centrais-de-conteudo/editais/lista_listagem_2864548_sei_2863010_edital_minuta__.pdf/@@display-file/file"
CAPES,"Lista de inscritos do Edital Conjunto nº 01/2024 - Programa Caminhos Amefricanos, formato, pdf, 407kb",,,https://www.gov.br/capes/pt-br/centrais-de-conteudo/editais/15052024_Lista_Listagem_2374115_Inscritos_MIR.pdf/@@display-file/file,2,"Alteração do Edital Conjunto nº 01/2024 - Programa Caminhos Amefricanos, formato, pdf, 63kb | https://www.gov.br/capes/pt-br/centrais-de-conteudo/editais/29042024_Edital_2368101_SEI_2365347_Edital_Conjunto_n__1_CAPES_MIR.pdf/@@display-file/file"
CAPES,"Lista de inscritos do Edital nº 05/2024 - Programa CAPES/CLIMAT-AMSUD, formato - pdf, 46kb",,,https://www.gov.br/capes/pt-br/centrais-de-conteudo/resultados-dos-editais/10062024_Lista_Listagem_2390159_Lista_de_Inscritos_3.pdf/@@display-file/file,1,
CAPES,"Lista de inscritos doEdital nº 8/202 - CAPES/COFECUB, formato, pdf, 581kb",,,https://www.gov.br/capes/pt-br/centrais-de-conteudo/resultados-dos-editais/14062023_Lista_Listagem_1990268_Inscricoes_cofecub_2023.pdf/@@display-file/file,1,
CAPES,"Lista de inscrições - Edital nº 19/2020 - Programa Doutorado-sanduíche no Exterior (PDSE) - formato, pdf, 393kb",,,https://www.gov.br/capes/pt-br/centrais-de-conteudo/Lista_de_Inscricoes_Homologadas_PDSE___2020_REVISADA.pdf/@@display-file/file,4,"Lista de candidaturas - Edital nº 19/2020 - Programa Doutorado-sanduíche no Exterior (PDSE) - formato, pdf, 417kb | https://www.gov.br/capes/pt-br/centrais-de-conteudo/documentos/diretoria-de-relacoes-internacionais/pdse/Lista_Listagem_1439062_Lista_de_Inscricoes_Homologadas_PDSE___2020.pdf/@@display-file/file ; Retificação do Edital nº 19/2020 - Programa Doutorado-sanduíche no Exterior (PDSE) - formato, pdf, 244kb | https://www.gov.br/capes/pt-br/centrais-de-conteudo/editais/EDITAL192020_PDSERETIFICAO.pdf/@@display-file/file ; Edital nº 19/2020 - Programa Doutorado-sanduíche no Exterior (PDSE)- formato, pdf, 236kb | https://www.gov.br/capes/pt-br/centrais-de-conteudo/editais/09102020_edital-19-pdse.pdf/@@display-file/file"
CAPES,"Lista de inscrições do Edital nº 17/2025 - Primeira chamada Programa Institucional de Doutorado Sanduíche no Exterior (PDSE) - formato, pdf, 8,8mb",,,https://www.gov.br/capes/pt-br/centrais-de-conteudo/resultados-dos-editais/29102025_Lista_Listagem_2708089_PDSE.pdf/@@display-file/file,4,"Lista de inscrições do Edital nº 17/2025 - Segunda chamada Programa Institucional de Doutorado Sanduíche no Exterior (PDSE) - formato, pdf, 1,4mb | https://www.gov.br/capes/pt-br/centrais-de-conteudo/resultados-dos-editais/27042026_Lista_Listagem_2808119_Lista_de_inscricoes_homologadas_do_Edital_172025___PDSE___segunda_chamada___formato_pdf__2_.pdf/@@display-file/file ; Alteração do Edital nº 17/2025 - Programa Institucional de Doutorado Sanduíche no Exterior (PDSE), formato, pdf, 52kb | https://www.gov.br/capes/pt-br/centrais-de-conteudo/editais/08102025_Edital_2696973_SEI_2695934_Edital_17_2025__.pdf/@@display-file/file ; Edital nº 17/2025 - Programa Institucional de Doutorado Sanduíche no Exterior (PDSE)- formato, pdf, 142kb | https://www.gov.br/capes/pt-br/centrais-de-conteudo/editais/21082025_Edital_2662823_SEI_2661209_Edital_n__17_2025.pdf/@@display-file/file"
CAPES,"Lista de instituições e cursos pré-aprovados para a 3ª fase do Edital nº 08/2022 - Parfor - formato, pdf, 715kb",,,https://www.gov.br/capes/pt-br/centrais-de-conteudo/resultados-dos-editais/06052022_Relacao_1700579_LISTA_DE_IES_E_CURSOS_APROVADOS_PARA_A_3__ETAPA_DO_EDITAL_CAPES_N__08.pdf/@@display-file/file,4,"Alteraçãodo Edital nº 08/2022 - Parfor - formato, xls, 119kb | https://www.gov.br/capes/pt-br/centrais-de-conteudo/editais/20122022_Edital_1880841_Edital_8_2022___PARFOR.pdf/@@display-file/file ; Alteração do Edital nº 08/2022 - Parfor - formato, pdf, 128kb | https://www.gov.br/capes/pt-br/centrais-de-conteudo/editais/09062022_Edital_1729649_EDITAL___8_2022.pdf/@@display-file/file ; Edital nº 08/2022 - Parfor - formato, pdf, 203kb | https://www.gov.br/capes/pt-br/centrais-de-conteudo/editais/07022022_Edital_1629612_SEI_CAPES___1628279___Edital_8.pdf/@@display-file/file"
CAPES,"Lista e inscritos do Edital nº 34/2023 - Programa Caminhos Amefricanos, formato, pdf, 520kb",,,https://www.gov.br/capes/pt-br/centrais-de-conteudo/resultados-dos-editais/20022024_Lista_Listagem_2324280_SEI_2323841_Inscritos_MIR.pdf/@@display-file/file,4,"Alteração do Edital nº 34/2023 - Programa Caminhos Amefricanos, formato, pdf, 54kb | https://www.gov.br/capes/pt-br/centrais-de-conteudo/editais/12062024_Edital_2395239_SEI_2389783_Edital_34_2023.pdf/@@display-file/file ; Prorrogação do Edital nº 34/2023 - Programa Caminhos Amefricanos, formato, pdf, 54kb | https://www.gov.br/capes/pt-br/centrais-de-conteudo/editais/28122023_Edital_2301024_SEI_2300438_Edital_Conjunto_n__34_2023_Prorrogacao.pdf/@@display-file/file ; Edital nº 34/2023 - Programa Caminhos Amefricanos, formato, pdf, 129kb | https://www.gov.br/capes/pt-br/centrais-de-conteudo/editais/04122024_Edital_2282364_SEI_2279471_Edital_Conjunto_n__34_2023.pdf/@@display-file/file"
CAPES,"Lista final de inscritos no Edital n° 33/2022 - Brafitec, formato, pdf, 372kb",,,https://www.gov.br/capes/pt-br/centrais-de-conteudo/editais/22092022_Lista_Listagem_1808291_Lista_inscritos_Brafitec_Edital_33_22.pdf/@@display-file/file,3,"Alteração do Edital n° 33/2022 - Brafitec, formato, pdf, 193kb | https://www.gov.br/capes/pt-br/centrais-de-conteudo/editais/23022023_Edital_1920292_Edital_33_22.pdf/@@display-file/file ; Edital n° 33/2022 - Brafitec, formato, pdf, 428kb | https://www.gov.br/capes/pt-br/centrais-de-conteudo/editais/29062022_EDITAL33_2022_BRAFITEC.pdf/@@display-file/file"
CAPES,"Prorrogação do Edital nº 01/2024 - Programa Caminhos Amefricanos, formato, pdf, 69kb",,,https://www.gov.br/capes/pt-br/centrais-de-conteudo/editais/30082024_Edital_2450719_SEI_2446271_Edital_Conjunto_1_2024.pdf/@@display-file/file,1,
SETEC,"Chamada (documento Nº 6991254) para seleção de unidades da Rede Federal de Educação Profissional e Tecnológica e das redes públicas estaduais de Educação Profissional e Tecnológica, interessadas em receber apoio técnico para a implementação de programas de aprendizagem profissional articulados a cursos técnicos ou de qualificação profissional com componentes curriculares relacionados à sustentabilidade",,,https://www.gov.br/mec/pt-br/acesso-a-informacao/institucional/estrutura-organizacional/orgaos-especificos-singulares/secretaria-de-educacao-profissional/editais/2026/SEI_6991254_chamada.pdf,1,
SETEC,"Chamada Pública com o objetivo de identificar, avaliar, cadastrar e disponibilizar metodologias, ferramentas e estudos sobre o mapeamento de demandas por Educação Profissional Técnica de Nível Médio, visando aprimorar a definição de ofertas de Educação Profissional Técnica de Nível Médio, no âmbito do Programa Juros por Educação.",,,https://www.gov.br/mec/pt-br/acesso-a-informacao/institucional/estrutura-organizacional/orgaos-especificos-singulares/secretaria-de-educacao-profissional/editais/2025/SEI_6268868_Resultado_de_Edital.pdf,1,
SETEC,"Chamada Pública de Adesão das Instituições da Rede Federal de Educação Profissional, Científica e Tecnológica (RFEPCT), com objetivo de capacitação técnica para submissão de propostas em futuros editais de unidades Embrapii.",,,https://www.gov.br/mec/pt-br/acesso-a-informacao/institucional/estrutura-organizacional/orgaos-especificos-singulares/secretaria-de-educacao-profissional/edital-2025/SEI_MEC5650163ResultadodeEdital_.pdf,1,
SETEC,Chamada Pública de Adesão à linha de fomento Qualifica Mais EnergIFE,,,https://www.gov.br/mec/pt-br/acesso-a-informacao/institucional/estrutura-organizacional/orgaos-especificos-singulares/secretaria-de-educacao-profissional/editais-1/editais-2022/chamadapublica.pdf,1,
SETEC,"Chamada Pública nº 01/2017 - Trata-se de chamada pública para seleção de servidores da Rede Federal de Educação Profissional, Científica e Tecnológica (RFEPCT) para capacitação em Gestão da Inovação.",,,https://www.gov.br/mec/pt-br/media/seb-1/pdf/editais/2017/extrato_chamada_dou_cp_01_2017.pdf,1,
SETEC,"Chamada Pública nº 01/2018 - Trata-se da chamada pública para seleção de propostas e servidores da Rede Federal de Educação Profissional, Científica e Tecnológica (RFEPCT) em efetivo exercício, para participarem da capacitação em Gestão da Inovação (GI - CSIRO).",,,https://www.gov.br/mec/pt-br/media/seb-1/pdf/editais/2018/20181030Edital012018ChamadaPblicaGICSIRO.pdf,1,
SETEC,Chamada Pública nº 02/2017 - Trata-se de chamada pública para concurso sobre educação profissional da Secretaria de Educação Profissional e Tecnológica (Setec/MEC) em parceria com a Comunidade dos Países de Língua Portuguesa (CPLP).,,,https://www.gov.br/mec/pt-br/media/seb-1/pdf/editais/2017/edital_concurso_cplp_2017.pdf,1,
SETEC,"Chamada Pública nº 02/2018 - Trata-se da chamada pública para seleção de servidores da Rede Federal de Educação Profissional, Científica e Tecnológica (RFEPCT) para a capacitação Brasileiros Formando Formadores (BraFF).",,,https://www.gov.br/mec/pt-br/media/seb-1/pdf/editais/2018/Edital_02_2018_BRAFF.pdf,1,
SETEC,"Chamada Pública nº 38/2018 - Trata do processo de seleção de propostas para credenciamento de instituições da Rede Federal, Faculdades de Tecnologia do Estado de São Paulo (Fatecs) e do Instituto Tecnológico de Aeronáutica (ITA) para atuação como Núcleo de Línguas (NucLi-IsF) no âmbito do Programa Idiomas sem Fronteiras (IsF).",,,https://www.gov.br/mec/pt-br/media/seb-1/pdf/editais/2018/Editaln382018ChamadaPblicaparacredenciamentodeinstituiesdaRFEPCTdasFatecsedoITA.pdf,1,
SETEC,"Chamada Pública nº 79/2016 - Trata-se de chamada pública para apresentação de propostas por instituição de educação profissional e tecnológica para a oferta de cursos de formação inicial e continuada ou de qualificação profissional e cursos técnicos de nível médio, presenciais ou à distância, sem transferência de recursos, no âmbito do PRONATEC, denominada “PROPOSTAS VOLUNTÁRIAS - PRONATEC”",,,https://www.gov.br/mec/pt-br/media/seb-1/pdf/editais/2016/extrato_edital_79_2016_setec.pdf,1,
SETEC,"Chamada Pública que estabelece os procedimentos para a autorização de oferta de cursos técnicos de nível médio por Instituições Privadas de Ensino Superior (IPES) para fins de habilitação ao Programa Juros por Educação, no âmbito do Programa de Pleno Pagamento de Dívidas dos Estados (Propag).",,,https://www.gov.br/mec/pt-br/acesso-a-informacao/institucional/estrutura-organizacional/orgaos-especificos-singulares/secretaria-de-educacao-profissional/FAQEdital6.2025.pdf,1,
SETEC,"Chamamento Público para credenciamento de profissionais no Banco de Especialistas para atuar no Projeto Assistec Inova, junto ao Ministério da Educação, no âmbito da Secretaria de Educação Profissional e Tecnológica.",,,https://www.gov.br/mec/pt-br/acesso-a-informacao/institucional/estrutura-organizacional/orgaos-especificos-singulares/secretaria-de-educacao-profissional/SEI_23000.035944_2024_89.pdf,1,
SETEC,"Edital 1/2026 - Chamada Pública de Adesão dos Institutos Federais de Educação, Ciência e Tecnologia, do Centro Federal de Educação Tecnológica Celso Suckow da Fonseca, do Centro Federal de Educação Tecnológica de Minas Gerais e do Colégio Pedro II, com objetivo de capacitação técnica para submissão de propostas em futuros editais de Unidades Embrapii.",,,https://www.gov.br/mec/pt-br/acesso-a-informacao/institucional/estrutura-organizacional/orgaos-especificos-singulares/secretaria-de-educacao-profissional/editais/2025/edital12026.pdf,1,
SETEC,Edital 84/2021 - Seleção de Projetos para desenvolvimento dos Ambientes de Promotores de Inovação na Rede Federal,,,https://www.gov.br/mec/pt-br/media/editais/2022/ResultadoetapaI.pdf,1,
SETEC,"Edital nº 01/2017 - APRESENTAÇÃO DE PROPOSTAS PARA A OFERTA DE VAGAS GRATUITAS EM CURSOS TÉCNICOS NA FORMA CONCOMITANTE, NO ÂMBITO DO PRONATEC/MEDIOTEC – 2º/2017 - A Secretária de Educação Profissional e Tecnológica do Ministério da Educação, no uso da atribuição que lhe confere o art. 13, Anexo I, do Decreto n° 7.690, de 02 de março de 2012, e considerando o disposto na Lei nº 12.513, de 26 de outubro de 2011, a Portaria nº 817, de 13 de agosto de 2015, a Portaria nº160, de 05 de março de 2013, alterada pela Portaria nº 701, de 13 de agosto de 2014, TORNA PÚBLICO os procedimentos e o cronograma para a apresentação de propostas visando a oferta de vagas gratuitas em cursos técnicos na forma concomitante e na modalidade presencial, no âmbito do Programa Nacional de Acesso ao Ensino Técnico e Emprego - PRONATEC, por meio da ação MEDIOTEC, para ingresso no segundo semestre de 2017.",,,https://www.gov.br/mec/pt-br/media/seb-1/pdf/editais/2017/edital_01_mediotec_2017.pdf,1,
SETEC,"Edital nº 08/2024 - Chamamento Público visando à seleção de autores(as) para elaboração de capítulos de obra a ser publicada cuja temática central é a gestão de Núcleos de Inovação Tecnológica (NITs) e/ou de Agências de Inovação da Rede Federal de Educação Profissional, Científica e Tecnológica (RFEPCT) Divulgação das Inscrições Homologadas",,,https://www.gov.br/mec/pt-br/acesso-a-informacao/institucional/estrutura-organizacional/orgaos-especificos-singulares/secretaria-de-educacao-profissional/436.SEI_MEC5030251Edital.pdf,1,
SETEC,"Edital nº 1/2023 - Seleção de proposta de selo comemorativo, em alusão aos 15 anos dos Institutos Federais.",,,https://www.gov.br/mec/pt-br/acesso-a-informacao/institucional/estrutura-organizacional/orgaos-especificos-singulares/secretaria-de-educacao-profissional/editais-1/edital-2023/SEI_MEC4094376Edital.pdf,1,
SETEC,Edital nº 100/2022 - Chamamento Público para a seleção de propostas para o Desafio Soutec,,,https://www.gov.br/mec/pt-br/acesso-a-informacao/institucional/secretarias/secretaria-de-educacao-profissional/editais-2022/SEI_MEC3570188Edital.pdf,1,
SETEC,"Edital nº 109/2022 - Chamamento Público - Seleção de projetos voltados à promoção do empreendedorismo inovador, com foco na Economia 4.0, associados ao ensino, à pesquisa e à extensão, destinado às instituições integrantes da Rede Federal de Educação Profissional, Científica e Tecnológica",,,https://www.gov.br/mec/pt-br/acesso-a-informacao/institucional/estrutura-organizacional/orgaos-especificos-singulares/secretaria-de-educacao-profissional/editais-1/editais-2022/Edital109.pdf,1,
SETEC,Edital nº 11/2024 - Chamamento Público para a seleção de projetos aptos a integrarem a 4ª Semana Nacional de Educação Profissional e Tecnológica Retificação do,,,https://www.gov.br/mec/pt-br/acesso-a-informacao/institucional/estrutura-organizacional/orgaos-especificos-singulares/secretaria-de-educacao-profissional/editais-2024-1/Edital_11.pdf,1,
SETEC,Edital nº 15/2023 - Chamada Pública para o Workshop para elaboração de Itinerários Formativos em economia circular na Educação Profissional e Tecnológica,,,https://www.gov.br/mec/pt-br/acesso-a-informacao/institucional/estrutura-organizacional/orgaos-especificos-singulares/secretaria-de-educacao-profissional/editais-1/editais-2022/SEI_MEC3884064Edital.pdf,1,
SETEC,"Edital nº 2/2020 - IFES, de chamada pública para a seleção de projetos voltados à implementação das Oficinas 4.0, aberto às autarquias da Rede Federal.",,,https://www.ifes.edu.br/chamadas-publicas/19329-chamada-publica-2-2020-apoio-a-implementacao-de-oficinas-4-0,1,
SETEC,Edital nº 20/2021 – Seleção de servidores para atuação em Projetos de Colaboração Técnica junto ao Ministério da Educação.,,,https://www.gov.br/mec/pt-br/media/seb-1/pdf/editais/SEI_MEC2573324Edital.pdf,1,
SETEC,"Edital nº 25/2023 - Chamada Pública destinada a selecionar equipes da Rede Federal de Educação Profissional, Científica e Tecnológica (EPCT) para participação no projeto de formação em criatividade, inovação e prototipagem do mercosul (Hackathon Mercosul). Retificação do Edital",,,https://www.gov.br/mec/pt-br/acesso-a-informacao/institucional/estrutura-organizacional/orgaos-especificos-singulares/secretaria-de-educacao-profissional/SEI_MEC3913111Edital.pdf,1,
SETEC,Edital nº 26 versão consolidada,,,https://www.gov.br/mec/pt-br/acesso-a-informacao/institucional/estrutura-organizacional/orgaos-especificos-singulares/secretaria-de-educacao-profissional/editais-1/edital-2023/SEI_MEC3980995Documento.pdf,1,
SETEC,Edital nº 3/2021 – Chamada Pública para seleção de projetos de iniciação tecnológica com foco na Economia 4.0. Acesse o edital .,,,https://www.ifes.edu.br/chamadas-publicas/19351-chamada-publica-3-2020-projetos-iniciacao-tecnologica-economia-4-0,1,
SETEC,"Edital nº 35/2020 - Chamada Pública - que tem como objetivo selecionar projetos voltados à criação de Laboratórios IFMaker junto aos Institutos Federais de Educação, Ciência e Tecnologia; Centros Federais de Educação Tecnológica Celso Suckow da Fonseca – Cefet-RJ e de Minas Gerais – Cefet-MG e o Colégio Pedro II, conforme especificado no Despacho SEI nº 2064854",,,https://www.gov.br/mec/pt-br/media/seb-1/pdf/editais/2020/SEI_MEC_2064339_Edital_Chamada_Publica.pdf,2,"Retificação Edital nº 35/2020 - Chamada Pública - Seleção de projetos voltados à criação de Laboratórios Maker junto à Rede Federal de Educação Profissional, Científica e Tecnológica Retificação de Cronograma ​do | https://www.gov.br/mec/pt-br/acesso-a-informacao/institucional/estrutura-organizacional/orgaos-especificos-singulares/secretaria-de-educacao-profissional/editais-1/editais-2022/AlteraodecronogramaRedeMakeredital35.pdf"
SETEC,"Edital nº 46, de 20 de julho de 2020, que torna público edital para adesão de estados e Distrito Federal à oferta de Curso de Especialização Lato Sensu em Docência para a Educação Profissional e Tecnológica (DocentEPT) aos professores da rede pública estadual e distrital que atuam na oferta de cursos de Educação Profissional e Tecnológica",,,https://www.gov.br/mec/pt-br/media/seb-1/pdf/editais/2020/Editaldeadeso_DOU.pdf,1,
SETEC,Edital nº 47/2022 - Chamada Pública para oferta de cursos da Plataforma Aprenda Mais,,,https://www.gov.br/mec/pt-br/media/editais/2022/Editaln47.pdf,1,
SETEC,Edital nº 48/2022 - Procedimentos para autorização da oferta de cursos técnicos de nível médio por Instituições Privadas de Ensino Superior – Anexos do,,,https://www.gov.br/mec/pt-br/media/editais/2022/Editaln48.pdf,1,
SETEC,"Edital nº 5 /2026 - Seleção de propostas de projetos de extensão voltados ao Acesso, à Permanência e ao Êxito no âmbito da Rede Federal de Educação Profissional, Científica e Tecnológica (RFEPCT).",,,https://www.gov.br/mec/pt-br/acesso-a-informacao/institucional/estrutura-organizacional/orgaos-especificos-singulares/secretaria-de-educacao-profissional/editais/2026/sei_7012727_edital_5.pdf,1,
SETEC,Edital nº 5/2020 – Chamada para seleção de projetos de apoio ao empreendedorismo inovador com foco na Economia 4.0. Acesse o edital .,,,https://www.ifes.edu.br/chamadas-publicas/19384-chamada-publica-05-2020-selecao-de-projetos-de-apoio-ao-empreendedorismo-inovador-com-foco-na-economia-4-0,1,
SETEC,Edital nº 5/2021 – IF Mais Empreendedor Nacional : Adesão ao Programa IF Mais Empreendedor Nacional,,,https://www.gov.br/mec/pt-br/media/editais/2021/Edital05.2021IFEMPREENDEDORNACIONAL.pdf,1,
SETEC,"Edital nº 5/2024 - Seleção de propostas de novos Cursos Abertos, On-line e Massivos (MOOCs), desenvolvidos pela Rede Federa de Educação Profissional, Científica e Tecnológica, a serem disponibilizados na Plataforma APRENDA MAIS.",,,https://www.gov.br/mec/pt-br/acesso-a-informacao/institucional/estrutura-organizacional/orgaos-especificos-singulares/secretaria-de-educacao-profissional/editais-1/edital-2023/SEI_MEC4659481Edital.pdf,1,
SETEC,"Edital nº 52/2016 – que torna público, para conhecimento dos interessados, que será realizado na modalidade concurso, o PROJETO DESAFIO DA EDUCAÇÃO PROFISSIONAL E TECNOLÓGICA, na forma do REGULAMENTO anexo a este edital, com o objetivo de promover uma campanha nacional para aprimorar a Educação Profissional e Tecnológica estimulando a sociedade a enviar propostas de ações inovadoras e compartilhar experiências exitosas de implementação de ações.",,,https://www.gov.br/mec/pt-br/media/seb-1/pdf/editais/2016/edital_n_52_2016.pdf,1,
SETEC,"Edital nº 55/2016 , que torna público concurso PROJETO DESAFIO EDUCAÇÃO ZIKAZERO, na forma do REGULAMENTO anexo a este edital, com o objetivo de promover uma campanha nacional de mobilização para o enfrentamento ao Aedes aegyp e à microcefalia estimulando a sociedade a enviar propostas de ações inovadoras e compartilhar experiências exitosas de implementação de ações em prol do combate ao mosquito.",,,https://www.gov.br/mec/pt-br/media/seb-1/pdf/editais/2016/Edital_55_2016_SEI_MEC_0227936.pdf,1,
SETEC,Edital nº 6/2021 - Edital de Adesão das instituições ao Sistema Re-Saber,,,https://www.gov.br/mec/pt-br/media/seb-1/pdf/Edital_06_2021.pdf,1,
SETEC,"Edital nº 6/2024 - Edital visa selecionar a proposta de selo/logomarca que será utilizado em confecções comemorativas no contexto dos 115 anos da Rede Federal de Educação Profissional, Científica e Tecnológica, que poderá ser personalizado como selo postal, via Correios. *",,,https://www.gov.br/mec/pt-br/acesso-a-informacao/institucional/estrutura-organizacional/orgaos-especificos-singulares/secretaria-de-educacao-profissional/editais-2024/325.SEI_MEC4985249Edital.pdf,1,
SETEC,Edital nº 61/2019 – Regulamento do Cadastro de Especialistas para compor o Banco de Avaliadores da Secretaria de Educação Profissional e Tecnológica.,,,https://www.gov.br/mec/pt-br/media/seb-1/pdf/editais/2019/EDITALN612019.pdf,1,
SETEC,Edital nº 63/2021- Seleção de Projetos de Promoção às Indicações Geográficas,,,https://www.gov.br/mec/pt-br/media/editais/2021/Edital63.pdf,1,
SETEC,Edital nº 67/2021 - Chamada Pública de Projetos para apoio à implementação das Oficinas 4.0,,,https://www.gov.br/mec/pt-br/media/seb-1/pdf/SEI_MEC2898796Edital67.pdf,1,
SETEC,Edital nº 68/2019 – Seleção de servidores para atuação em Projetos Educacionais de Colaboração Técnica junto ao Ministério da Educação.,,,https://www.gov.br/mec/pt-br/media/seb-1/pdf/editais/2019/EDITALN682019.pdf,1,
SETEC,Edital nº 83/2022 – Seleção de propostas de instituições da Rede Federal para a implementação de programa de capacitação de estudantes denominado Oficinas 4.0,,,https://www.gov.br/mec/pt-br/acesso-a-informacao/institucional/estrutura-organizacional/orgaos-especificos-singulares/secretaria-de-educacao-profissional/editais-1/editais-2022/Edital83.2022.pdf,1,
SETEC,Edital nº 88/2022 – Seleção de projetos de iniciação tecnológica de instituições da RFEPCT para o desenvolvimento de ações de formação em programação e/ou robótica e/ou cultura maker para estudantes dos anos finais do ensino fundamental (6º ao 9º ano) das redes públicas de ensino. Retificação ​do,,,https://www.gov.br/mec/pt-br/acesso-a-informacao/institucional/estrutura-organizacional/orgaos-especificos-singulares/secretaria-de-educacao-profissional/editais-1/editais-2022/Edital88.2022.pdf,1,
SETEC,"Edital nº 94/2022 – Chamada Pública para a capacitação de multiplicadores em bioeconomia para a Amazônia Legal. Chamada Pública para a Adesão de parceiros ofertantes da Rede Federal de Educação Profissional, Científica e Tecnológica – RFEPCT à linha de fomento Qualifica Mais EnergIFE, voltada à promoção da oferta de cursos na área das Energias Renováveis. Retificação do",,,https://www.gov.br/mec/pt-br/acesso-a-informacao/institucional/estrutura-organizacional/orgaos-especificos-singulares/secretaria-de-educacao-profissional/editais-1/editais-2022/Editaln94.2022.pdf,1,
SETEC,Edital nº 99/2022 - Chamamento Público para a seleção de projetos de inovação e trabalhos acadêmicos aptos a integrarem a Semana Nacional da Educação Profissional e Tecnológica Retificação do,,,https://www.gov.br/mec/pt-br/acesso-a-informacao/institucional/secretarias/secretaria-de-educacao-profissional/SEI_MEC3566713Edital.pdf,1,
SETEC,"Programa Setec-Capes/NOVA de capacitação para Professores da Rede Federal de Educação Profissional, Científica e Tecnológica . A Secretaria de Educação Profissional e Tecnológica (Setec) do Ministério da Educação, com apoio da Coordenação de Aperfeiçoamento de Pessoal de Nível Superior (Capes), lançam chamada pública de capacitação para professores de inglês em efetivo exercício na Rede Federal de Educação Profissional - Institutos Federais, Cefets, Escolas Técnicas vinculas às Universidades Federais e Colégio Pedro II. (Retificação publicada no Diário Oficial da União em 02 de junho de 2016)",,,https://www.gov.br/mec/pt-br/media/seb-1/pdf/editais/2015/chamada_setec_capes_nova_extrato_dou.pdf,1,
SETEC,Republicação do Edital nº 76/2022 - Chamamento Público para seleção de projetos voltados ao fortalecimento de Núcleos de Inovação Tecnológica e/ou Agências de Inovação.,,,https://www.gov.br/mec/pt-br/acesso-a-informacao/institucional/estrutura-organizacional/orgaos-especificos-singulares/secretaria-de-educacao-profissional/editais-1/editais-2022/Republicaodoedital76.pdf,2,Retificação do Edital nº 76/2022 – novo cronograma | https://www.gov.br/mec/pt-br/acesso-a-informacao/institucional/estrutura-organizacional/orgaos-especificos-singulares/secretaria-de-educacao-profissional/editais-1/editais-2022/SEI_23000.006585_2022_91.pdf
SETEC,"Seleção de projetos para Mostra Tecnológica da 5ª Semana Nacional da Educação Profissional e Tecnológica (Instituições da Rede Federal de Educação Profissional, Científica e Tecnológica).",,,https://www.gov.br/mec/pt-br/acesso-a-informacao/institucional/estrutura-organizacional/orgaos-especificos-singulares/secretaria-de-educacao-profissional/editais/2025/ResultadoEdital10.pdf,1,
SETEC,Seleção de projetos para Mostra Tecnológica da 5ª Semana Nacional da Educação Profissional e Tecnológica (Instituições Privadas de Ensino Superior que ofertam cursos técnicos e Escolas Técnicas Privadas).,,,https://www.gov.br/mec/pt-br/acesso-a-informacao/institucional/estrutura-organizacional/orgaos-especificos-singulares/secretaria-de-educacao-profissional/editais/2025/ResultadoEdital09.pdf,1,
SETEC,Seleção de projetos para Mostra Tecnológica da 5ª Semana Nacional da Educação Profissional e Tecnológica (Instituições Públicas Estaduais e Distrital de Educação Profissional e Tecnológica).,,,https://www.gov.br/mec/pt-br/acesso-a-informacao/institucional/estrutura-organizacional/orgaos-especificos-singulares/secretaria-de-educacao-profissional/editais/2025/2147-resultado-preliminar.pdf,1,
